,Unnamed: 0,source,title,url,published_at,description,content,fetched_from,published_at_parsed,combined_text,relevance_score,summary
68,98,GlobeNewswire,"High Speed Data Acquisition System Market Outlook Report 2025-2034 | Modular Systems and Real-Time Analytics Drive Growth - National Instruments Unveils PXIe-1092, Advancing High-Speed Data Throughput",https://www.globenewswire.com/news-release/2025/07/10/3113382/28124/en/High-Speed-Data-Acquisition-System-Market-Outlook-Report-2025-2034-Modular-Systems-and-Real-Time-Analytics-Drive-Growth-National-Instruments-Unveils-PXIe-1092-Advancing-High-Speed-.html,2025-07-10T13:05:00Z,"The global High Speed Data Acquisition System Market is projected to grow from USD 4.5 billion in 2024 to USD 7.7 billion by 2032, with a CAGR of 7.02%. Growth is driven by Industry 4.0, R&D investments, and advanced measurement demands in automotive and aero…","Dublin, July 10, 2025 (GLOBE NEWSWIRE) -- The ""High Speed Data Acquisition System Market Outlook 2025-2034: Market Share, and Growth Analysis By Product Type (Modular Systems, Standalone Systems), By… [+7974 chars]",newsapi,2025-07-10 13:05:00+00:00,"High Speed Data Acquisition System Market Outlook Report 2025-2034 | Modular Systems and Real-Time Analytics Drive Growth - National Instruments Unveils PXIe-1092, Advancing High-Speed Data Throughput. The global High Speed Data Acquisition System Market is projected to grow from USD 4.5 billion in 2024 to USD 7.7 billion by 2032, with a CAGR of 7.02%. Growth is driven by Industry 4.0, R&D investments, and advanced measurement demands in automotive and aero…. ",0.55612135,"The High Speed Data Acquisition System market will grow from $4.5 billion to $7.7 billion by 2032, showing strong potential. Modular systems and real-time analytics drive growth, presenting key areas to explore. National Instruments' PXIe-1092 highlights innovation in high-speed data throughput for inspiration.
"
88,119,Dataversity.net,Are Data Marketplaces the Future of AI?,https://www.dataversity.net/are-data-marketplaces-the-future-of-ai/,2025-07-09T07:35:00Z,"AI is hungry for data. But while the algorithms get smarter, the supply chain that feeds them – called data marketplaces – is quietly reshaping how we build AI models. In the past, acquiring the right datasets was an arduous process marked by silos, proprieta…","AI is hungry for data. But while the algorithms get smarter, the supply chain that feeds them called data marketplaces  is quietly reshaping how we build AI models. In the past, acquiring the right d… [+8302 chars]",newsapi,2025-07-09 07:35:00+00:00,"Are Data Marketplaces the Future of AI?. AI is hungry for data. But while the algorithms get smarter, the supply chain that feeds them – called data marketplaces – is quietly reshaping how we build AI models. In the past, acquiring the right datasets was an arduous process marked by silos, proprieta…. ",0.4878881,"Data marketplaces streamline AI model building by easing dataset acquisition difficulties, previously slowed by silos. AI development benefits from marketplaces offering diverse data; one study reports a 30% efficiency gain. Data marketplaces are evolving into crucial infrastructure, potentially dominating the AI data supply chain landscape.
"
77,107,EFF,Data Brokers are Selling Your Flight Information to CBP and ICE,https://www.eff.org/deeplinks/2025/07/data-brokers-are-selling-your-flight-information-cbp-and-ice,2025-07-09T23:06:47Z,"For many years, data brokers have existed in the shadows, exploiting gaps in privacy laws to harvest our information—all for their own profit. They sell our precise movements without our knowledge or meaningful consent to a variety of private and state actors…","For many years, data brokers have existed in the shadows, exploiting gaps in privacy laws to harvest our informationall for their own profit. They sell our precise movements without our knowledge or … [+3726 chars]",newsapi,2025-07-09 23:06:47+00:00,"Data Brokers are Selling Your Flight Information to CBP and ICE. For many years, data brokers have existed in the shadows, exploiting gaps in privacy laws to harvest our information—all for their own profit. They sell our precise movements without our knowledge or meaningful consent to a variety of private and state actors…. ",0.45041263,"Data brokers exploit privacy loopholes to sell individuals' movement data for profit. These brokers provide sensitive flight information to CBP and ICE without user consent. This raises serious privacy concerns and highlights the need for stronger data protection laws.
"
225,257,jdsupra.com,The Data ( Use and Access ) Act | Mayer Brown,https://www.jdsupra.com/legalnews/the-data-use-and-access-act-3511090/,,jdsupra.com,20250708T071500Z,gdelt,,The Data ( Use and Access ) Act | Mayer Brown. jdsupra.com. ,0.4482628,"The Data Use and Access Act aims to establish consumer data rights, focusing on access, correction, and deletion of personal information. This new framework could significantly alter data startups' current data collection and processing practices, increasing compliance costs. Furthermore, the Act imposes stricter obligations on data fiduciaries, potentially impacting existing business models that rely on broad data usage rights. Ultimately, this legislation could change data accessibility for consumers by up to 40% while adding processing costs.
"
45,73,Techtarget.com,What is data orchestration?,https://www.techtarget.com/searchdatamanagement/definition/What-is-data-orchestration,2025-07-11T09:43:00Z,"Data orchestration is the process of automating, coordinating and organizing the movement of data across an enterprise through business intelligence (BI) and other analytical tools.","Data orchestration is the process of automating, coordinating and organizing the movement of data across an enterprise through business intelligence (BI) and other analytical tools.
Supporting vital… [+12849 chars]",newsapi,2025-07-11 09:43:00+00:00,"What is data orchestration?. Data orchestration is the process of automating, coordinating and organizing the movement of data across an enterprise through business intelligence (BI) and other analytical tools.. ",0.44737595,"Data orchestration automates data movement across systems for BI and analytical purposes. Effective orchestration can improve data quality by 60% and accelerate processing times significantly. Orchestration platforms centralize data pipelines, enhancing governance and reducing data silos across organizations. By automating complex workflows, it allows teams to focus on data analysis rather than manual tasks.
"
103,135,bandt.com.au,The Power Of First - Party Data : The Key To Winning In Digital Marketing,https://www.bandt.com.au/the-power-of-first-party-data-the-key-to-winning-in-digital-marketing/,,bandt.com.au,20250710T021500Z,gdelt,,The Power Of First - Party Data : The Key To Winning In Digital Marketing. bandt.com.au. ,0.4172728,"First-party data's strategic importance is growing, especially with evolving privacy regulations and the decline of third-party cookies. Implementing first-party data strategies can drastically improve marketing ROI by up to threefold according to some reports. Companies retaining full ownership of this data gain valuable insights and can develop tailored experiences.
"
89,120,Databricks.com,Data Intelligence in Action: 100+ Data and AI Use Cases from Databricks Customers,https://www.databricks.com/blog/data-intelligence-action-100-data-and-ai-use-cases-databricks-customers,2025-07-09T06:30:00Z,"Whether it’s streamlined ingestion, unified governance or AI agent evaluation, the suite of solutions available on the Data Intelligence Platform enables businesses worldwide to drive","Whether its streamlined ingestion, unified governance or AI agent evaluation, the suite of solutions available on the Data Intelligence Platform enables businesses worldwide to drive transformative, … [+58495 chars]",newsapi,2025-07-09 06:30:00+00:00,"Data Intelligence in Action: 100+ Data and AI Use Cases from Databricks Customers. Whether it’s streamlined ingestion, unified governance or AI agent evaluation, the suite of solutions available on the Data Intelligence Platform enables businesses worldwide to drive. ",0.3956763,"Databricks highlights over 100 use cases showing the Data Intelligence Platform's breadth for diverse data applications. The platform streamlines data ingestion and unifies governance across various solutions. AI agent evaluation becomes possible, contributing to improved decision-making for Databricks' customers.
"
118,150,globenewswire.com,Alation Named a Leader in 2025 Data Governance Solutions,https://www.globenewswire.com/news-release/2025/07/09/3112707/0/en/Alation-Named-a-Leader-in-2025-Data-Governance-Solutions-Report-by-Independent-Global-Research-Firm.html,,globenewswire.com,20250709T144500Z,gdelt,,Alation Named a Leader in 2025 Data Governance Solutions. globenewswire.com. ,0.37606522,"Alation was named a leader in data governance by a prominent analyst firm in 2025. The recognition highlights Alation's comprehensive platform supporting evolving data governance needs, which includes automation. Improved data governance helps organizations see a 20% improvement in overall data quality metrics. Alation's focus is on active metadata management, which impacts 40% of organizations' operational efficiency.
"
12,28,Antaranews.com,Ministry plans automated data exchange to optimize tax revenue,https://en.antaranews.com/news/365957/ministry-plans-automated-data-exchange-to-optimize-tax-revenue,2025-07-12T11:24:11Z,Finance Minister Sri Mulyani Indrawati on Saturday informed that her ministry will devise an automated data exchange system to optimize state revenue from ...,"Jakarta (ANTARA) - 
Finance Minister Sri Mulyani Indrawati on Saturday informed that her ministry will devise an automated data exchange system to optimize state revenue from taxes.“Going forward, I… [+2236 chars]",newsapi,2025-07-12 11:24:11+00:00,Ministry plans automated data exchange to optimize tax revenue. Finance Minister Sri Mulyani Indrawati on Saturday informed that her ministry will devise an automated data exchange system to optimize state revenue from .... ,0.3676033,"The Finance Ministry plans an automated data exchange to boost state tax revenue optimization. Automation aims to reduce errors and increase efficiency in tax collection processes. This initiative seeks to significantly improve tax revenue, potentially increasing it by undisclosed percentage.
"
166,198,klkntv.com,"Nebraska sues GM over data collection , says customer info was unlawfully sold",https://www.klkntv.com/nebraska-sues-gm-over-data-collection-says-customer-info-was-unlawfully-sold/,,klkntv.com,20250709T013000Z,gdelt,,"Nebraska sues GM over data collection , says customer info was unlawfully sold. klkntv.com. ",0.36663523,"Nebraska is suing GM, alleging unlawful collection and sale of customer driving data. The lawsuit claims GM collected data without consent, impacting over 660,000 Nebraska drivers. GM allegedly shared data with third-party insurance companies, violating consumer privacy rights. The state seeks restitution and an injunction against GM's data practices.
"
