,source,title,url,published_at,description,content,fetched_from,published_at_parsed
0,Fortune,Inside the rise of Alexandr Wang and Meta’s $14 billion bet that the MIT dropout will help bring AI supremacy,https://fortune.com/2025/06/22/inside-rise-scale-alexandr-wang-meta-zuckerberg-14-billion-deal-acquihire-ai-supremacy-race/,2025-06-22T16:01:00Z,"Wang turned Scale into a vital piece of the AI revolution, and briefly claimed the title of youngest self-made billionaire in the process. Now Meta's Mark Zuckerberg is paying up to bring him in house.","As their heads were measured and fitted for custom-made, felt cowboy hats, the 100 or so guests assembled in Utahs scenic Wasatch Mountains in November 2023 had ample reason to feel special. The grou… [+19382 chars]",newsapi,2025-06-22 16:01:00+00:00
1,Securityaffairs.com,SECURITY AFFAIRS MALWARE NEWSLETTER ROUND 50,https://securityaffairs.com/179215/breaking-news/security-affairs-malware-newsletter-round-50.html,2025-06-22T15:22:03Z,"Security Affairs Malware newsletter includes a collection of the best articles and research on malware in the international landscape Critical Langflow Vulnerability (CVE-2025-3248) Actively Exploited to Deliver Flodrix Botnet   Predator Still Active, with Ne…","SECURITY AFFAIRS MALWARE NEWSLETTER ROUND 50
 | Security Affairs newsletter Round 529 by Pierluigi Paganini INTERNATIONAL EDITION
 | Iran confirmed it shut down internet to protect the country agai… [+174451 chars]",newsapi,2025-06-22 15:22:03+00:00
2,Securityaffairs.com,Security Affairs newsletter Round 529 by Pierluigi Paganini – INTERNATIONAL EDITION,https://securityaffairs.com/179208/breaking-news/security-affairs-newsletter-round-529-by-pierluigi-paganini-international-edition.html,2025-06-22T15:06:59Z,"A new round of the weekly Security Affairs newsletter has arrived! Every week, the best security articles from Security Affairs are free in your email box. Enjoy a new round of the weekly SecurityAffairs newsletter, including the international press. Iran con…","SECURITY AFFAIRS MALWARE NEWSLETTER ROUND 50
 | Security Affairs newsletter Round 529 by Pierluigi Paganini INTERNATIONAL EDITION
 | Iran confirmed it shut down internet to protect the country agai… [+174451 chars]",newsapi,2025-06-22 15:06:59+00:00
3,Werd.io,The New Surveillance State: Why Data Privacy Is Now Essential to Democracy,https://werd.io/the-new-surveillance-state-why-data-privacy-is-now-essential-to-democracy/,2025-06-22T13:34:56Z,"""When the government can track where you go, whom you associate with, and what you spend your money on, it [...] chills freedom of expression, undermines your freedom to travel, and destroys the fundamental privacy right that underlies American liberty.""","Link: Laura Maccleery in TechPolicy.Press.
Data privacy was always essential to democracy, but now that democracy itself is in dire straits the need for strong protections are more obviously pressin… [+2343 chars]",newsapi,2025-06-22 13:34:56+00:00
4,The Conversation Africa,4 reasons to be concerned about Bill C-4’s threats to Canadian privacy and sovereignty,https://theconversation.com/4-reasons-to-be-concerned-about-bill-c-4s-threats-to-canadian-privacy-and-sovereignty-259331,2025-06-22T11:54:08Z,"If privacy is important anywhere, it is in the context of politics. If it is important at any time, that time is now.","In Canada, federal political parties are not governed by basic standards of federal privacy law. If passed, Bill C-4, also known as the Making Life More Affordable for Canadians Act, would also make … [+7501 chars]",newsapi,2025-06-22 11:54:08+00:00
5,Pypi.org,rxnn 0.2.62,https://pypi.org/project/rxnn/0.2.62/,2025-06-22T11:18:58Z,RxNN: Reactive Neural Networks Platform,"A required part of this site couldnt load. This may be due to a browser
 extension, network issues, or browser settings. Please check your
 connection, disable any ad blockers, or try using a diffe… [+12 chars]",newsapi,2025-06-22 11:18:58+00:00
6,Pypi.org,rxnn 0.2.61,https://pypi.org/project/rxnn/0.2.61/,2025-06-22T11:17:42Z,RxNN: Reactive Neural Networks Platform,"A required part of this site couldnt load. This may be due to a browser
 extension, network issues, or browser settings. Please check your
 connection, disable any ad blockers, or try using a diffe… [+12 chars]",newsapi,2025-06-22 11:17:42+00:00
7,Torrentfreak.com,Sky Views Personal Data as a Potential Weapon in IPTV Piracy War,https://torrentfreak.com/sky-views-personal-data-as-new-weapon-in-iptv-piracy-war-250622/,2025-06-22T10:23:03Z,"Ireland's Data Protection Commission (DPC) says it has been ""engaging with Sky for some time"" over the use of personal data to crackdown on streaming piracy, including IPTV services accessed via set-top boxes. Ongoing engagement and a meeting between the DPC …","Sky’s war on TV piracy has raged for well over thirty years and despite the passing of time, the goal remains the same. 
In broad terms, pirates retain their original goals too, but how that can be … [+4915 chars]",newsapi,2025-06-22 10:23:03+00:00
8,Audioz.download,Sonible Puredeess v1.0.0-R2R,https://audioz.download/software/win/279249-download_sonible-puredeess-v100-r2r.html,2025-06-22T10:10:57Z,<!--TBegin:https://audioz.download/uploads/posts/2025-06/1750586424_3067094377.webp|--><!--TEnd-->Team R2R | 22 Jun 2025 | 29.2MB The AI-powered de-esser designed for creators Simple de-essing for removing the sharp edges from a vocal or speech recording – ge…,"Team R2R | 22 Jun 2025 | 29.2MB
 The AI-powered de-esser designed for creators Simple de-essing for removing the sharp edges from a vocal or speech recording get a smoother and more professional sou… [+1859 chars]",newsapi,2025-06-22 10:10:57+00:00
9,Pypi.org,rxnn 0.2.59,https://pypi.org/project/rxnn/0.2.59/,2025-06-22T07:02:21Z,RxNN: Reactive Neural Networks Platform,"A required part of this site couldnt load. This may be due to a browser
 extension, network issues, or browser settings. Please check your
 connection, disable any ad blockers, or try using a diffe… [+12 chars]",newsapi,2025-06-22 07:02:21+00:00
10,Pypi.org,rxnn 0.2.58,https://pypi.org/project/rxnn/0.2.58/,2025-06-22T06:49:03Z,RxNN: Reactive Neural Networks Platform,"A required part of this site couldnt load. This may be due to a browser
 extension, network issues, or browser settings. Please check your
 connection, disable any ad blockers, or try using a diffe… [+12 chars]",newsapi,2025-06-22 06:49:03+00:00
11,Pypi.org,nnetsauce 0.36.0,https://pypi.org/project/nnetsauce/0.36.0/,2025-06-22T06:21:37Z,Quasi-randomized (neural) networks,"A required part of this site couldnt load. This may be due to a browser
 extension, network issues, or browser settings. Please check your
 connection, disable any ad blockers, or try using a diffe… [+12 chars]",newsapi,2025-06-22 06:21:37+00:00
12,Independent.ie,"Irish staff data ruling ‘may open door’ to more US tax probes, experts warn",https://www.independent.ie/business/irish/irish-staff-data-ruling-may-open-door-to-more-us-tax-probes-experts-warn/a1061057682.html,2025-06-22T01:30:00Z,"A recent US judgment that would see Irish employee data shared with the US government could lead to more investigations into multinationals that shifted profits to Ireland, experts have warned.","Last month, a US judge told energy firm Eaton to ignore GDPR law on Irish worker performance documents and hand them over to the IRS
A recent US judgment that would see Irish employee data shared wi… [+3056 chars]",newsapi,2025-06-22 01:30:00+00:00
13,Broadcastlawblog.com,"This Week in Regulation for Broadcasters:  June 16, 2025 to June 20, 2025",https://www.broadcastlawblog.com/2025/06/articles/this-week-in-regulation-for-broadcasters-june-16-2025-to-june-20-2025/,2025-06-21T23:23:25Z,"Here are some of the regulatory developments of significance to broadcasters from the past week, with links to where you can go to find more information as to how these actions may affect your operations. On our Broadcast Law Blog, we discussed broadcasters’ …","David has coordinated the purchase and sale of numerous radio and television stations, and has helped telecommunications companies, industry associations, broadcasters, educational institutions and o… [+666 chars]",newsapi,2025-06-21 23:23:25+00:00
14,Pypi.org,rxnn 0.2.54,https://pypi.org/project/rxnn/0.2.54/,2025-06-21T23:21:33Z,RxNN: Reactive Neural Networks Platform,"A required part of this site couldnt load. This may be due to a browser
 extension, network issues, or browser settings. Please check your
 connection, disable any ad blockers, or try using a diffe… [+12 chars]",newsapi,2025-06-21 23:21:33+00:00
15,Next Big Future,Software 3.0 By Karpathy,https://www.nextbigfuture.com/2025/06/software-3-0-by-karpathy.html,2025-06-21T22:51:35Z,"Andrej Karpathy discusses the transformative changes in software development driven by large language models (LLMs) and artificial intelligence, comparing the current era to the early days of computing. Key Points: LLMs as Simulators of Human Thought: Karpath…","Andrej Karpathy discusses the transformative changes in software development driven by large language models (LLMs) and artificial intelligence, comparing the current era to the early days of computi… [+6722 chars]",newsapi,2025-06-21 22:51:35+00:00
16,Pypi.org,rxnn 0.2.53,https://pypi.org/project/rxnn/0.2.53/,2025-06-21T22:21:46Z,RxNN: Reactive Neural Networks Platform,"A required part of this site couldnt load. This may be due to a browser
 extension, network issues, or browser settings. Please check your
 connection, disable any ad blockers, or try using a diffe… [+12 chars]",newsapi,2025-06-21 22:21:46+00:00
17,VentureBeat,Cloud quantum computing: A trillion-dollar opportunity with dangerous hidden risks,https://venturebeat.com/security/cloud-quantum-computing-a-trillion-dollar-opportunity-with-dangerous-hidden-risks/,2025-06-21T20:00:00Z,Guest Join the event trusted by enterprise leaders for nearly two decades. VB Transform brings together the people building real enterprise AI strategy. Learn more Quantum computing (QC) brings with it a mix of groundbreaking possibilities and significant ris…,"Join the event trusted by enterprise leaders for nearly two decades. VB Transform brings together the people building real enterprise AI strategy. Learn more
Quantum computing (QC) brings with it a … [+11602 chars]",newsapi,2025-06-21 20:00:00+00:00
18,Pypi.org,rxnn 0.2.52,https://pypi.org/project/rxnn/0.2.52/,2025-06-21T19:15:58Z,RxNN: Reactive Neural Networks Platform,"A required part of this site couldnt load. This may be due to a browser
 extension, network issues, or browser settings. Please check your
 connection, disable any ad blockers, or try using a diffe… [+12 chars]",newsapi,2025-06-21 19:15:58+00:00
19,Elearningindustry.com,Data Privacy In AI-Powered L&D: Protecting Learner Information,https://elearningindustry.com/data-privacy-in-ai-powered-ld-protecting-learner-information,2025-06-21T19:00:46Z,"Worried about how AI affects learner data? Here, we show you practical strategies to strengthen data privacy when using AI in your L&D programs. From better vendor choices to encryption and learner transparency, discover how to protect personal information.
T…","Why Data Privacy Should Be A Priority When Using AI In L&amp;D
When you're using an AI-powered LMS for your training program, you may notice that the platform seems to know exactly how you learn bes… [+7745 chars]",newsapi,2025-06-21 19:00:46+00:00
20,Activistpost.com,"A Primer on Backup Power – Part 1, by R.H.",https://www.activistpost.com/a-primer-on-backup-power-part-1-by-r-h/,2025-06-21T19:00:00Z,"Introduction Our modern world has been built on the copious use of inexpensive energy. Along with motor vehicles, electricity is the major foundation of modern civilization. Because of electricity, our lives are easier and safer. We do things and live in ways…","Our modern world has been built on the copious use of inexpensive energy. Along with motor vehicles, electricity is the major foundation of modern civilization. Because of electricity, our lives are … [+9765 chars]",newsapi,2025-06-21 19:00:00+00:00
21,Unixmen.com,Roofing SEO Agency + Linux: Elevate Your Roofing Business with Open‑Source Power,https://www.unixmen.com/roofing-seo-agency-linux-elevate-your-roofing-business-with-open-source-power/,2025-06-21T17:07:04Z,"In today’s digital landscape, online visibility is paramount for any business’s success—and roofing companies are no exception. In a crowded market, differentiating yourself is challenging. Whether you’re a local roofer serving one town or a nationwide roofin…","In todays digital landscape, online visibility is paramount for any businesss successand roofing companies are no exception. In a crowded market, differentiating yourself is challenging. Whether your… [+11518 chars]",newsapi,2025-06-21 17:07:04+00:00
22,Breitbart News,MIT Study: Using AI Bots Like ChatGPT Rots Your Brain,https://www.breitbart.com/tech/2025/06/21/mit-study-using-ai-bots-like-chatgpt-rots-your-brain/,2025-06-21T15:54:35Z,"A recent study conducted by researchers at MIT's Media Lab has found that using ChatGPT over an extended period can lead to a decline in cognitive function, particularly in critical thinking skills.
The post MIT Study: Using AI Bots Like ChatGPT Rots Your Bra…","A recent study conducted by researchers at MIT’s Media Lab has found that using ChatGPT over an extended period can lead to a decline in cognitive function, particularly in critical thinking skills.… [+1867 chars]",newsapi,2025-06-21 15:54:35+00:00
23,Fox News,"Chaos ransomware hits Optima Tax Relief, leaks 69GB of data",https://www.foxnews.com/tech/chaos-ransomware-hits-optima-tax-relief-leaks-69gb-data,2025-06-21T14:00:00Z,"The Chaos ransomware group breached Optima Tax Relief in a double-extortion attack, stealing sensitive customer case files and corporate documents with personal information.","Cyberattacks on financial service providers are no longer isolated events. In recent years, tax preparation companies, accounting software vendors and data brokers have all found themselves in the cr… [+8215 chars]",newsapi,2025-06-21 14:00:00+00:00
24,Securityaffairs.com,Iran confirmed it shut down internet to protect the country against cyberattacks,https://securityaffairs.com/179199/cyber-warfare-2/iran-confirmed-it-shut-down-internet-to-protect-the-country-against-cyberattacks.html,2025-06-21T13:40:18Z,"Iran confirmed an Internet shutdown to counter Israeli cyberattacks, citing threats to critical infrastructure, and interfere with drone control. Iran experienced a near-total internet blackout on Wednesday as tensions with Israel escalated into the first wee…","Iran confirmed it shut down internet to protect the country against cyberattacks
 | Godfather Android trojan uses virtualization to hijack banking and crypto apps
 | Cloudflare blocked record-break… [+174316 chars]",newsapi,2025-06-21 13:40:18+00:00
25,Fox Business,Fi launches world's first AI dog collar that tracks health and location,https://www.foxbusiness.com/technology/worlds-first-smart-dog-collar-uses-ai-track-pet-health-detect-escape-attempts-nationwide-pet-parents,2025-06-21T13:04:19Z,"Fi launched the world's first AI-powered dog collar tracking scratching, licking, sleep cycles and location to provide pet parents insights about their dog's well-being.","The industry leader in smart pet technology, Fi, launched the world’s first AI-powered dog collar, Series 3+, and the data tracking is a game-changer for pet parents.
Scratching and licking are amon… [+4123 chars]",newsapi,2025-06-21 13:04:19+00:00
26,Medium,"Show HN: We moved from AWS to Hetzner, saved 90%, kept ISO 27001 with Ansible",https://medium.com/@accounts_73078/goodbye-aws-how-we-kept-iso-27001-slashed-costs-by-90-914ccb4b89fc,2025-06-21T09:02:29Z,"Earlier this year, I faced a dilemma many tech leaders know well. Our entire infrastructure was built on AWS. We loved their powerful, ISO 27001-certified services. Yet, two critical issues kept me…","European Cloud can makes ISO 27001 easier
Goodbye AWS: How We Kept ISO 27001, Slashed Costs by 90%
Earlier this year, I faced a dilemma many tech leaders know well. Our entire infrastructure was bu… [+5248 chars]",newsapi,2025-06-21 09:02:29+00:00
27,Securityaffairs.com,Godfather Android trojan uses virtualization to hijack banking and crypto apps,https://securityaffairs.com/179191/malware/godfather-android-trojan-uses-virtualization-to-hijack-banking-and-crypto-apps.html,2025-06-21T05:53:53Z,"Godfather Android trojan uses virtualization to hijack banking and crypto apps, stealing user funds, warns mobile security firm Zimperium. Zimperium zLabs has uncovered a major evolution of the GodFather Android trojan, which uses on-device virtualization to …","Godfather Android trojan uses virtualization to hijack banking and crypto apps
 | Cloudflare blocked record-breaking 7.3 Tbps DDoS attack against a hosting provider
 | Linux flaws chain allows Root… [+174231 chars]",newsapi,2025-06-21 05:53:53+00:00
28,Digital Journal,"Op-Ed: LENS neuromorphic robotics – The Next Big Thing in tech, and there’s no avoiding it.",https://www.digitaljournal.com/tech-science/op-ed-lens-neuromorphic-robotics-the-next-big-thing-in-tech-and-theres-no-avoiding-it/article,2025-06-21T01:46:42Z,"This is where robotics needs to go.
The post Op-Ed: LENS neuromorphic robotics – The Next Big Thing in tech, and there’s no avoiding it. appeared first on Digital Journal.","Attendees watch as a robot walks around during a demonstration at the Unitree Robotics booth during the Consumer Electronics Show (CES) in Las Vegas - Copyright AFP Ian Maule
For all the huge and ha… [+3668 chars]",newsapi,2025-06-21 01:46:42+00:00
29,Pypi.org,pytorch-ignite 0.6.0.dev20250621,https://pypi.org/project/pytorch-ignite/0.6.0.dev20250621/,2025-06-21T00:19:39Z,A lightweight library to help with training neural networks in PyTorch.,"A required part of this site couldnt load. This may be due to a browser
 extension, network issues, or browser settings. Please check your
 connection, disable any ad blockers, or try using a diffe… [+12 chars]",newsapi,2025-06-21 00:19:39+00:00
30,Pypi.org,mct-quantizers-nightly 1.6.0.20250621.post1505,https://pypi.org/project/mct-quantizers-nightly/1.6.0.20250621.post1505/,2025-06-21T00:15:06Z,Infrastructure for support neural networks compression,"A required part of this site couldnt load. This may be due to a browser
 extension, network issues, or browser settings. Please check your
 connection, disable any ad blockers, or try using a diffe… [+12 chars]",newsapi,2025-06-21 00:15:06+00:00
31,Pypi.org,mct-nightly 2.4.0.20250621.558,https://pypi.org/project/mct-nightly/2.4.0.20250621.558/,2025-06-21T00:06:01Z,A Model Compression Toolkit for neural networks,"A required part of this site couldnt load. This may be due to a browser
 extension, network issues, or browser settings. Please check your
 connection, disable any ad blockers, or try using a diffe… [+12 chars]",newsapi,2025-06-21 00:06:01+00:00
32,HuffPost,Minnesota Shooter Suspect Allegedly Used Data Broker Sites: What They Are And How To Protect Yourself,https://www.huffpost.com/entry/minnesota-shooter-suspect-data-broker_n_6852eadae4b0ed75e6752114,2025-06-20T21:58:04Z,Minnesota Shooter Suspect Allegedly Used Data Broker Sites: What They Are And How To Protect Yourselfhuffpost.com,"Last weekend, State Rep. Melissa Hortman and her husband Mark Hortman were killed by an assassin in their homes. A criminal complaint outlines how the Minnesota shooter suspect may have used this com… [+8977 chars]",newsapi,2025-06-20 21:58:04+00:00
33,Singularity Hub,‘Cyborg Tadpoles’ With Super Soft Neural Implants Shine Light on Early Brain Development,https://singularityhub.com/2025/06/20/cyborg-tadpoles-with-super-soft-neural-implants-shine-light-on-early-brain-development/,2025-06-20T21:57:16Z,"Tofu-like probes capture the activity of individual neurons in tadpole embryos as they grow.
The post ‘Cyborg Tadpoles’ With Super Soft Neural Implants Shine Light on Early Brain Development appeared first on SingularityHub.","Early brain development is a biological black box. While scientists have devised multiple ways to record electrical signals in adult brains, these techniques dont work for embryos.
A team at Harvard… [+7542 chars]",newsapi,2025-06-20 21:57:16+00:00
34,Securityaffairs.com,Cloudflare blocked record-breaking 7.3 Tbps DDoS attack against a hosting provider,https://securityaffairs.com/179181/hacking/cloudflare-blocked-record-breaking-7-3-tbps-ddos-attack.html,2025-06-20T20:38:06Z,"Cloudflare blocked a record-breaking 7.3 Tbps DDoS attack in May 2025. Cloudflare blocked a record 7.3 Tbps DDoS attack in May 2025, 12% greater than its previous peak and 1 Tbps greater than the attack reported by the popular cyber journalist Brian Krebs. Th…","Cloudflare blocked record-breaking 7.3 Tbps DDoS attack against a hosting provider
 | Linux flaws chain allows Root access across major distributions
 | A ransomware attack pushed the German napkin… [+174148 chars]",newsapi,2025-06-20 20:38:06+00:00
35,INFORUM,"Expert warns protecting personal information from ""data brokers"" easier said than done",https://www.inforum.com/business/expert-warns-protecting-personal-information-from-data-brokers-easier-said-than-done,2025-06-20T19:26:13Z,"When it comes to trying to stop your private information from being sold online, reading the fine print before hitting ""agree"" can make a world of difference.","FARGO Cybersecurity experts say you'll probably never be able to completely remove all your information online, but you can manage it.
""There's a lot of information that you have some control over,""… [+1620 chars]",newsapi,2025-06-20 19:26:13+00:00
36,Researchbuzz.me,"Ukraine Cultural Heritage, Coffee Sustainability Projects, Google, More: Friday ResearchBuzz, June 20, 2025",https://researchbuzz.me/2025/06/20/ukraine-cultural-heritage-coffee-sustainability-projects-google-more-friday-researchbuzz-june-20-2025/,2025-06-20T18:25:13Z,"NEW RESOURCES The Baltic Times: Online Museum of Traditional Art of Ukraine – KROVETS has resumed its work at krovets.ua. “The platform KROVETS offers users unique access to over 3,800 digitized exhibits […]","NEW RESOURCES 
The Baltic Times: Online Museum of Traditional Art of Ukraine – KROVETS has resumed its work at krovets.ua. “The platform KROVETS offers users unique access to over 3,800 digitized ex… [+5147 chars]",newsapi,2025-06-20 18:25:13+00:00
37,TechCrunch,ChatGPT: Everything you need to know about the AI chatbot,https://techcrunch.com/2025/06/20/chatgpt-everything-to-know-about-the-ai-chatbot/,2025-06-20T17:29:48Z,Here's a ChatGPT guide to help understand Open AI's viral text-generating system. We outline the most recent updates and answer your FAQs.,"ChatGPT, OpenAIs text-generating AI chatbot, has taken the world by storm since its launch in November 2022. What started as a tool to supercharge productivity through writing essays and code with sh… [+35291 chars]",newsapi,2025-06-20 17:29:48+00:00
38,Socialnomics.net,The Growing Popularity of Laravel for European SaaS Projects,https://socialnomics.net/2025/06/20/the-growing-popularity-of-laravel-for-european-saas-projects/,2025-06-20T17:00:28Z,"The Growing Popularity of Laravel for European SaaS Projects Building a successful SaaS company in Europe is a high-stakes game, and choosing your core technology feels like betting the house. You’re juggling market demands, regulatory hoops like GDPR, findin…","Building a successful SaaS company in Europe is a high-stakes game, and choosing your core technology feels like betting the house. You’re juggling market demands, regulatory hoops like GDPR, finding… [+11689 chars]",newsapi,2025-06-20 17:00:28+00:00
39,Nextpit.com,NFC Gets More Range for Easier Pairing and Payments,https://www.nextpit.com/news/nfc-gets-more-range-easier-pairing-payment,2025-06-20T17:00:00Z,"With the new standard, the distance between two devices can be greater, which should lead to a whole range of improvements.","Due to its uncomplicated function, near-field communicationusually referred to as Near Field Communication (NFC)is part of everyday life for many people, especially when making digital payments. Now … [+2231 chars]",newsapi,2025-06-20 17:00:00+00:00
40,ZDNet,"I found the easiest way to delete myself from the internet (and you shouldn't wait to use it, too)",https://www.zdnet.com/article/i-found-the-easiest-way-to-delete-myself-from-the-internet-and-why-you-shouldnt-wait-to-use-it-too/,2025-06-20T16:00:15Z,"If you're looking for a data removal service that can remove you from data broker sales lists and people search websites, Incogni should be on your radar. Here's why.","Ever heard of Incogni? 
You may have heard about the company, launched by one of our favorite VPN providers, Surfshark, in 2021, if you were looking for ways to reduce the volume of information that… [+5413 chars]",newsapi,2025-06-20 16:00:15+00:00
41,Arxiv.org,"Brain-inspired interpretable reservoir computing with resonant recurrent
 neural networks",https://arxiv.org/abs/2506.17083,2025-06-20T15:38:17Z,"Traditional artificial neural networks consist of nodes with non-oscillatory
dynamics. Biological neural networks, on the other hand, consist of oscillatory
components embedded in an oscillatory environment. Motivated by this feature of
biological neurons, we…","arXivLabs is a framework that allows collaborators to develop and share new arXiv features directly on our website.
Both individuals and organizations that work with arXivLabs have embraced and acce… [+257 chars]",newsapi,2025-06-20 15:38:17+00:00
42,ETF Daily News,Top Artificial Intelligence Stocks To Watch Now – June 17th,https://www.etfdailynews.com/2025/06/20/top-artificial-intelligence-stocks-to-watch-now-june-17th/,2025-06-20T15:15:16Z,"Salesforce, Super Micro Computer, Arista Networks, QUALCOMM, BigBear.ai, Tempus AI, and Accenture are the seven Artificial Intelligence stocks to watch today, according to MarketBeat’s stock screener tool. Artificial intelligence stocks are shares of publicly…","Salesforce, Super Micro Computer, Arista Networks, QUALCOMM, BigBear.ai, Tempus AI, and Accenture are the seven Artificial Intelligence stocks to watch today, according to MarketBeat’s stock screener… [+8495 chars]",newsapi,2025-06-20 15:15:16+00:00
43,Business Insider,The Godfather of AI lays out a key difference between OpenAI and Google when it comes to safety,https://www.businessinsider.com/godfather-of-ai-geoffrey-hinton-openai-google-difference-safety-2025-6,2025-06-20T15:00:12Z,"The ""Godfather of AI"" identified a reason why OpenAI rolled out chatbots faster than Google.","When it comes to winning the AI race, the ""Godfather of AI"" thinks there's an advantage in having nothing to lose.
On an episode of the ""Diary of a CEO"" podcast that aired June 16, Geoffrey Hinton l… [+3613 chars]",newsapi,2025-06-20 15:00:12+00:00
44,GlobeNewswire,Syncfusion® Partners with Evrotrust to Offer Qualified Electronic Signatures in BoldSign™,https://www.globenewswire.com/news-release/2025/06/20/3102821/0/en/Syncfusion-Partners-with-Evrotrust-to-Offer-Qualified-Electronic-Signatures-in-BoldSign.html,2025-06-20T14:58:00Z,"Partnership integrates Evrotrust’s eIDAS-notified qualified signatures into BoldSign, providing businesses with a simple and legally secure way to sign across Europe Partnership integrates Evrotrust’s eIDAS-notified qualified signatures into BoldSign, providi…","RESEARCH TRIANGLE PARK, N.C., June 20, 2025 (GLOBE NEWSWIRE) -- Syncfusion, Inc.®, the enterprise technology provider of choice, today announced a partnership with Evrotrust, a premier qualified trus… [+3726 chars]",newsapi,2025-06-20 14:58:00+00:00
45,GlobeNewswire,"South Africa Data Center Market Investment Analysis Report 2025-2030: Coverage of Data Center Investors - Africa Data Centres, Digital Parks Africa, Equinix, NTT DATA, OADC, Teraco, Microsoft, & More",https://www.globenewswire.com/news-release/2025/06/20/3102814/28124/en/South-Africa-Data-Center-Market-Investment-Analysis-Report-2025-2030-Coverage-of-Data-Center-Investors-Africa-Data-Centres-Digital-Parks-Africa-Equinix-NTT-DATA-OADC-Teraco-Microso.html,2025-06-20T14:47:00Z,"The South Africa Data Center Market is poised for substantial growth, increasing from USD 2.16 billion in 2024 to USD 3.40 billion by 2030 at a CAGR of 7.85%. Johannesburg leads data center expansion, bolstered by investments from tech giants like Google and …","Dublin, June 20, 2025 (GLOBE NEWSWIRE) -- The ""South Africa Data Center Market - Investment Analysis &amp; Growth Opportunities 2025-2030"" report has been added to ResearchAndMarkets.com's offering.… [+9741 chars]",newsapi,2025-06-20 14:47:00+00:00
46,PR Newswire UK,North American Air Circuit Breaker Market worth $1.08 billion by 2030 | MarketsandMarkets™,https://www.prnewswire.co.uk/news-releases/north-american-air-circuit-breaker-market-worth-1-08-billion-by-2030--marketsandmarkets-302486873.html,2025-06-20T14:45:00Z,"DELRAY BEACH, Fla., June 20, 2025 /PRNewswire/ -- The North American Air Circuit Breaker Market is anticipated to grow from estimated USD 0.82 billion in 2025 to USD 1.08 billion by 2030, at a CAGR of 5.7% during the forecast period. The North American Air Ci…","DELRAY BEACH, Fla., June 20, 2025 /PRNewswire/ -- The North American Air Circuit Breaker Market is anticipated to grow from estimated USD 0.82 billion in 2025 to USD 1.08 billion by 2030, at a CAGR o… [+12060 chars]",newsapi,2025-06-20 14:45:00+00:00
47,GlobeNewswire,"Ship Hull Inspection Services Industry Report 2025-2034 - ROVs and AUVs Revolutionizing Safer, Faster Hull Inspections",https://www.globenewswire.com/news-release/2025/06/20/3102812/28124/en/Ship-Hull-Inspection-Services-Industry-Report-2025-2034-ROVs-and-AUVs-Revolutionizing-Safer-Faster-Hull-Inspections.html,2025-06-20T14:42:00Z,"The global Ship Hull Inspection Services market, valued at $12.1 billion in 2025, is projected to reach $16.4 billion by 2034, growing at a 3.4% CAGR. Key drivers include technological advancements, regulatory compliance, and the rising need for efficient, re…","Dublin, June 20, 2025 (GLOBE NEWSWIRE) -- The ""Ship Hull Inspection Services Market 2025-2034"" has been added to ResearchAndMarkets.com's offering.
The Ship Hull Inspection Services market, valued a… [+5532 chars]",newsapi,2025-06-20 14:42:00+00:00
48,GlobeNewswire,Software-Defined Vehicle (SDV) Market is expected to reach around $130 billion | Exactitude Consultancy,https://www.globenewswire.com/news-release/2025/06/20/3102792/0/en/Software-Defined-Vehicle-SDV-Market-is-expected-to-reach-around-130-billion-Exactitude-Consultancy.html,2025-06-20T14:16:00Z,Software-Defined Vehicle (SDV) Market Overview 2025-2034 Software-Defined Vehicle (SDV) Market Overview 2025-2034,"Luton, Bedfordshire, United Kingdom, June 20, 2025 (GLOBE NEWSWIRE) -- In 2024, the global Software-Defined Vehicle (SDV) market stands at a valuation of approximately $50 billion, propelled by the r… [+24733 chars]",newsapi,2025-06-20 14:16:00+00:00
49,Searls.com,We’ve Had Enough of This Shit,https://doc.searls.com/2025/06/20/weve-had-enough-of-this-shit/,2025-06-20T14:13:23Z,"I was going to source this Bloomberg story about AI-related Microsoft Layoffs, but the interruptive popover said, I didn’t accept that, and suggest you don’t either. I just checked in another browser, and in Europe (or at least in The Netherlands, where I am …","I was going to source this Bloomberg story about AI-related Microsoft Layoffs, but the interruptive popover said,
I didn’t accept that, and suggest you don’t either. I just checked in another browse… [+615 chars]",newsapi,2025-06-20 14:13:23+00:00
50,Plos.org,Computations that sustain neural feature selectivity across processing stages,https://journals.plos.org/ploscompbiol/article?id=10.1371/journal.pcbi.1013075,2025-06-20T14:00:00Z,"Biological visual systems are celebrated for their ability to reliably and precisely recognize objects. However, the specific neural mechanisms responsible for this capability remain largely elusive. In this study, we investigate neural responses in the visua…","Citation: Rowekamp RJ, Sharpee TO (2025) Computations that sustain neural feature selectivity across processing stages. PLoS Comput Biol 21(6):
 e1013075.
https://doi.org/10.1371/journal.pcbi.10130… [+49616 chars]",newsapi,2025-06-20 14:00:00+00:00
51,MarketingProfs.com,"AI Update, June 20, 2025: AI News and Views From the Past Week",https://www.marketingprofs.com/opinions/2025/53336/ai-update-june-20-2025-ai-news-and-views-from-the-past-week,2025-06-20T14:00:00Z,Catch up on select AI news and developments from the past week or so. Stay in the know. Read the full article at MarketingProfs,"Catch up on select AI news and developments from the past week or so (in no particular order):
Madison Avenue braces for AI disruption as automation reshapes ad industry. At Cannes Lions 2025, adver… [+8382 chars]",newsapi,2025-06-20 14:00:00+00:00
52,Pypi.org,nabla-ml 25.6201517,https://pypi.org/project/nabla-ml/25.6201517/,2025-06-20T13:18:00Z,Dynamic neural networks and function transformations in Python + Mojo,"A required part of this site couldnt load. This may be due to a browser
 extension, network issues, or browser settings. Please check your
 connection, disable any ad blockers, or try using a diffe… [+12 chars]",newsapi,2025-06-20 13:18:00+00:00
53,Tom's Hardware UK,This Language AI company says it can now translate the entire internet in just 18 days — 194-day task slashed by deployment of Nvidia DGX SuperPOD with DGX GB200,https://www.tomshardware.com/tech-industry/artificial-intelligence/this-language-ai-company-says-it-can-now-translate-the-entire-internet-in-just-18-days-194-day-task-slashed-by-deployment-of-nvidia-dgx-superpod-with-dgx-gb200,2025-06-20T11:37:44Z,"Language AI company DeepL says that thanks to Nvidia's DGX SuiperPOD with DGX GB200, it can now translate the entire internet in just 18 days.",AI translation service DeepL just announced that it can now translate the entire internet in just 18.5 days — a more than 90% reduction in processing time compared to its previous record of just 194 … [+2546 chars],newsapi,2025-06-20 11:37:44+00:00
54,ComputerWeekly.com,UK data reforms become law,https://www.computerweekly.com/news/366626126/UK-data-reforms-become-law,2025-06-20T11:15:00Z,"UK passes wide-ranging data protection reforms designed to ‘simplify’ organisations’ sharing and processing of data, but it remains to be seen whether the changes will be accepted by the European Commission when it comes to renewing its UK data adequacy decis…","The UKs Data Use and Access Bill has become law, with the government claiming it will save working people money and time while injecting £10bn into the British economy over the next decade.
The bill… [+5833 chars]",newsapi,2025-06-20 11:15:00+00:00
55,GlobeNewswire,"Automotive Data Cables Market Outlook 2025-2034 | V2X Technology Enhances Digital Mapping for Safer, Efficient Driving",https://www.globenewswire.com/news-release/2025/06/20/3102627/28124/en/Automotive-Data-Cables-Market-Outlook-2025-2034-V2X-Technology-Enhances-Digital-Mapping-for-Safer-Efficient-Driving.html,2025-06-20T10:51:00Z,"The Automotive Digital Mapping Market is set to reach USD 9.6 billion by 2025, with a projected growth at 14.2% CAGR, hitting USD 31.7 billion by 2034. Integral for navigation, V2X communication, ADAS, and autonomous driving, innovations feature HD mapping, A…","Dublin, June 20, 2025 (GLOBE NEWSWIRE) -- The ""Automotive Data Cables Market Outlook 2025-2034"" has been added to ResearchAndMarkets.com's offering.
The global automotive digital mapping market is p… [+5249 chars]",newsapi,2025-06-20 10:51:00+00:00
56,Wordpress.org,IT Security,https://wordpress.org/themes/it-security/,2025-06-20T10:46:07Z,"The IT Security Theme is a powerful, modern solution designed for cybersecurity firms, IT consultants, and online security service providers. Built to support professionals in cybersecurity, network security, and information security, this theme is crafted fo…","The IT Security Theme is a powerful, modern solution designed for cybersecurity firms, IT consultants, and online security service providers. Built to support professionals in cybersecurity, network … [+1772 chars]",newsapi,2025-06-20 10:46:07+00:00
57,DevOps.com,Compliance in the Age of AI: Why Strong CI/CD Foundations Matter,https://devops.com/compliance-in-the-age-of-ai-why-strong-ci-cd-foundations-matter/,2025-06-20T10:31:11Z,A strong CI/CD foundation is key to ensuring you can reap the benefits of  AI and create high-quality user experiences at breakneck speed.,"In the age of AI-driven development, teams face a dual imperative: Harness the speed and creativity of code-generation tools while upholding the strictest standards of security, privacy and regulator… [+5767 chars]",newsapi,2025-06-20 10:31:11+00:00
58,GlobeNewswire,"Drone Communication Company Evaluation Report 2025: DJI, RTX, and Northrop Grumman Lead the Charge in Advanced Drone Tech",https://www.globenewswire.com/news-release/2025/06/20/3102607/28124/en/Drone-Communication-Company-Evaluation-Report-2025-DJI-RTX-and-Northrop-Grumman-Lead-the-Charge-in-Advanced-Drone-Tech.html,2025-06-20T10:06:00Z,"Explore the dynamic growth of the Drone Communication Market with the comprehensive Drone Communication Companies Quadrant report. Unveiling cutting-edge innovations and industry trends, the quadrant evaluates over 140 companies, spotlighting the top 15 leade…","Dublin, June 20, 2025 (GLOBE NEWSWIRE) -- The ""Drone Communication - Company Evaluation Report"" report has been added to ResearchAndMarkets.com's offering.
The Drone Communication Companies Quadrant… [+7104 chars]",newsapi,2025-06-20 10:06:00+00:00
59,Marketplace.org,"Bytes: Week in Review – Trump's mobile venture, online data brokers used to target MN victims, and an OpenAI-Microsoft breakup",https://www.marketplace.org/episode/2025/06/20/trumps-mobile-venture-openai-microsoft-breakup,2025-06-20T10:04:00Z,OpenAI and Microsoft are reportedly caught up in protracted behind-the-scenes negotiations that are in danger of boiling over into public conflict. Prosecutors say the man accused of assassinating a Minnesota Democratic lawmaker used online data brokers to he…,"OpenAI and Microsoft are reportedly caught up in protracted behind-the-scenes negotiations that are in danger of boiling over into public conflict. Plus, prosecutors say the man accused of assassinat… [+891 chars]",newsapi,2025-06-20 10:04:00+00:00
60,The Daily Hodl,Perceptron Network merges with BlockMesh to Create First End-to-End Decentralized AI Data Infrastructure,https://dailyhodl.com/2025/06/20/perceptron-network-merges-with-blockmesh-to-create-first-end-to-end-decentralized-ai-data-infrastructure/,2025-06-20T09:49:30Z,"June 20th, 2025 – Dubai, UAE In a landmark move for the decentralized AI ecosystem, BlockMesh has officially merged into Perceptron Network, uniting two fast-growing platforms under a single mission: to build the world’s first fully decentralized data pipelin…","June 20th, 2025 Dubai, UAE
In a landmark move for the decentralized AI ecosystem, BlockMesh has officially merged into Perceptron Network, uniting two fast-growing platforms under a single mission: … [+4786 chars]",newsapi,2025-06-20 09:49:30+00:00
61,MediaNama.com,"Experts Discuss MeitY’s Consent Management System: Children’s Rights, Consent Fatigue, And More",https://www.medianama.com/2025/06/223-meitys-consent-management-system-childrens-rights-consent-fatigue/,2025-06-20T09:27:23Z,"Learn more about the nitty gritty of MeitY's consent management guidelines from expert stakeholders who spoke on children's data, and more.
The post Experts Discuss MeitY’s Consent Management System: Children’s Rights, Consent Fatigue, And More appeared first…","In April this year, the Ministry of Electronics and Information Technology (MeitY) released a Business Requirement Document (BRD) describing a Consent Management System (CMS) that introduces a set of… [+12439 chars]",newsapi,2025-06-20 09:27:23+00:00
62,Securityaffairs.com,Linux flaws chain allows Root access across major distributions,https://securityaffairs.com/179174/security/linux-flaws-chain-allows-root-access-across-major-distributions.html,2025-06-20T09:22:03Z,"Researchers discovered two local privilege escalation flaws that could let attackers gain root access on systems running major Linux distributions. Qualys researchers discovered two local privilege escalation (LPE) vulnerabilities, an attacker can exploit the…","Linux flaws chain allows Root access across major distributions
 | A ransomware attack pushed the German napkin firm Fasana into insolvency
 | Researchers discovered the largest data breach ever, e… [+174061 chars]",newsapi,2025-06-20 09:22:03+00:00
63,Pypi.org,returnn 1.20250620.102515,https://pypi.org/project/returnn/1.20250620.102515/,2025-06-20T08:38:52Z,The RWTH extensible training framework for universal recurrent neural networks,"A required part of this site couldnt load. This may be due to a browser
 extension, network issues, or browser settings. Please check your
 connection, disable any ad blockers, or try using a diffe… [+12 chars]",newsapi,2025-06-20 08:38:52+00:00
64,Blogdoxbox.com,Synopsis: Key Factors That Influence the AI Training Programs,https://blogdoxbox.com/synopsis-key-factors-that-influence-the-ai-training-programs/,2025-06-20T08:03:16Z,"2 ViewsThe continuous progression of technology has necessitated that any economic activity be developed and conducted with the application of advanced technology tools, hence changing the very essence of industry. AI is one of the leading aspects driving cha…","The continuous progression of technology has necessitated that any economic activity be developed and conducted with the application of advanced technology tools, hence changing the very essence of i… [+5458 chars]",newsapi,2025-06-20 08:03:16+00:00
65,Securityaffairs.com,A ransomware attack pushed the German napkin firm Fasana into insolvency,https://securityaffairs.com/179160/security/ransomware-attack-napkin-firm-fasana-insolvency.html,2025-06-20T07:20:30Z,"A cyberattack pushed the German napkin firm Fasana into insolvency, likely worsening existing financial troubles and serving as the final blow. German napkin maker Fasana filed for insolvency after a major cyberattack on May 19 paralyzed its systems, halting …","A ransomware attack pushed the German napkin firm Fasana into insolvency
 | Researchers discovered the largest data breach ever, exposing 16 billion login credentials
 | China-linked group Salt Typ… [+173993 chars]",newsapi,2025-06-20 07:20:30+00:00
66,ComputerWeekly.com,Government hires chief data officer,https://www.computerweekly.com/news/366626086/Government-hires-chief-data-officer,2025-06-20T07:09:00Z,"Former head of data, management, governance and capability development at the Ministry of Defence (MoD), Lindsay Mason, was appointed government chief data officer in early June","The Department for Science, Innovation and Development (DSIT) has appointed Lindsay Mason as government chief data officer (CDO).
Mason, who previously was the head of data, management, governance a… [+3115 chars]",newsapi,2025-06-20 07:09:00+00:00
67,Onlinenifm.com,How to Improve These Digital Marketing Skills In 2025?,https://www.onlinenifm.com/blog/post/213/digital-marketing/how-to-improve-these-digital-marketing-skills-in-2025,2025-06-20T05:49:12Z,"Stay ahead in 2025 by upgrading your digital marketing skills. Discover actionable strategies for SEO, social media, data analytics, AI, CRO, and more.","When it comes to the ever-evolving landscape and dynamic world, digital marketing is a name that pops up in everyone's mind. If you want to thrive and boost your career in 2025, its not enough to jus… [+8773 chars]",newsapi,2025-06-20 05:49:12+00:00
68,Pharma-mkting.com,AI Generated Marketing Campaigns: Is Pharma Ready? - Pharma Marketing Network,https://www.pharma-mkting.com/featured/ai-generated-marketing-campaigns-is-pharma-ready/,2025-06-20T02:49:40Z,"AI-generated marketing campaigns could revolutionize pharma, but regulatory and ethical challenges test the industry's readiness for this shift.","The intersection of artificial intelligence and pharmaceutical marketing is creating new waves of innovation. In 2025, AI generated marketing campaigns are no longer experimental. They are being depl… [+6600 chars]",newsapi,2025-06-20 02:49:40+00:00
69,Computerworld,"Meta’s $14.3B stake triggers Scale AI customer exodus, could be a windfall for rivals like Mercor",https://www.computerworld.com/article/4009714/metas-14-3b-stake-triggers-scale-ai-customer-exodus-could-be-a-windfall-for-rivals-like-mercor.html,2025-06-20T02:22:19Z,"Scale AI has been attempting to quell fears about its company sovereignty and data security after its ‘acqui-hiring’ by Meta, but customers appear to be defecting anyhow, and competitors are being rewarded with a slice of the limelight.




Meta is investing…","However, Droege asserted that Scale is “one of the only providers capable of serving customers at volume” with the “largest network of experts training AI.” Going forward, the company will focus on b… [+908 chars]",newsapi,2025-06-20 02:22:19+00:00
70,TechNode,Turning algorithms into action: the AI challenge connecting fintech talent to finance’s frontlines,http://technode.com/2025/06/20/turning-algorithms-into-action-the-ai-challenge-connecting-fintech-talent-to-finances-frontlines/,2025-06-20T02:21:52Z,"As financial technology continuously evolves in today’s AI era, a growing number of initiatives are dedicated to cultivating the next generation of AI talent. One such program, the AFAC Financial Intelligence Competition – launched by Ant Group in collaborati…","Every Wednesday and Friday, TechNodes Briefing newsletter delivers a roundup of the most important news in China tech, straight to your inbox.
As financial technology continuously evolves in todays … [+7222 chars]",newsapi,2025-06-20 02:21:52+00:00
71,Securityaffairs.com,"Researchers discovered the largest data breach ever, exposing 16 billion login credentials",https://securityaffairs.com/179149/data-breach/researchers-discovered-the-largest-data-breach-ever-exposing-16-billion-login-credentials.html,2025-06-19T20:58:30Z,"Researchers discovered the largest data breach ever, exposing 16 billion login credentials, likely due to multiple infostealers. Researchers announced the discovery of what appears to be the largest data breach ever recorded, with an astonishing 16 billion lo…","Researchers discovered the largest data breach ever, exposing 16 billion login credentials
 | China-linked group Salt Typhoon breached satellite firm Viasat
 | Iran experienced a near-total nationa… [+173916 chars]",newsapi,2025-06-19 20:58:30+00:00
72,KPBS,This is how you stop data trackers from sucking up your health data,https://www.kpbs.org/news/science-technology/2025/06/19/this-is-how-you-stop-data-trackers-from-sucking-up-your-health-data,2025-06-19T19:59:56Z,"The Markup and CalMatters found multiple ways consumers can block the trackers quietly sending your data to tech companies, including those used on state-run health exchange websites.","This story was originally published by CalMatters. Sign up for their newsletters.
In April, The Markup and CalMatters found that Covered California, the state of Californias healthcare exchange, was… [+3758 chars]",newsapi,2025-06-19 19:59:56+00:00
73,Securityaffairs.com,China-linked group Salt Typhoon breached satellite firm Viasat,https://securityaffairs.com/179146/security/china-linked-group-salt-typhoon-breached-satellite-firm-viasat.html,2025-06-19T17:58:00Z,"China-linked APT Typhoon has reportedly targeted satellite firm Viasat, the group has breached multiple telecom providers in the past. China-linked APT group Salt Typhoon hacked the satellite communications firm Viasat, the cyber-espionage group has previousl…","China-linked group Salt Typhoon breached satellite firm Viasat
 | Iran experienced a near-total national internet blackout
 | Malicious Minecraft mods distributed by the Stargazers DaaS target Mine… [+173821 chars]",newsapi,2025-06-19 17:58:00+00:00
74,Pypi.org,ConstellationDAQ 0.5,https://pypi.org/project/constellationdaq/0.5/,2025-06-19T15:37:54Z,The Autonomous Control and Data Acquisition System for Dynamic Experimental Setups,"A required part of this site couldnt load. This may be due to a browser
 extension, network issues, or browser settings. Please check your
 connection, disable any ad blockers, or try using a diffe… [+12 chars]",newsapi,2025-06-19 15:37:54+00:00
75,Tom's Hardware UK,16 billion accounts exposed in one of the largest data breaches in history — enormous data haul holds two accounts for every human alive,https://www.tomshardware.com/tech-industry/cyber-security/16-billion-accounts-exposed-in-one-of-the-largest-data-breaches-in-history-enormous-data-haul-holds-two-accounts-for-every-human-alive,2025-06-19T15:16:14Z,"A collection of entirely new data leak datasets has been uncovered by security researchers, exposing 16 billion new records to the public. The data was sourced from around the world, with breaches on this scale easily contributing to massive future attacks.","One of the largest data breaches ever seen has recently hit the public, sharing 16 billion brand-new leaked login credentials. While major data breaches of this scale are typically full of billions o… [+2620 chars]",newsapi,2025-06-19 15:16:14+00:00
76,Fortune,OpenAI is phasing out Scale AI work following startup’s Meta deal,https://fortune.com/2025/06/19/openai-is-phasing-out-scale-ai-work-following-startups-meta-deal/,2025-06-19T14:33:00Z,OpenAI’s plans inject new uncertainty into Scale’s business in the wake of Meta’s unusual deal.,"OpenAI is phasing out the work it does with data-labeling startup Scale AI, cutting ties with the company days after Meta Platforms Inc. invested billions of dollars in it and hired its founder. Scal… [+2779 chars]",newsapi,2025-06-19 14:33:00+00:00
77,GlobeNewswire,Pilbara Exploration Update,https://www.globenewswire.com/news-release/2025/06/19/3102286/0/en/Pilbara-Exploration-Update.html,2025-06-19T14:05:00Z,High-Grade Gold and Antimony Targets High-Grade Gold and Antimony Targets,"HIGHLIGHTS
<table><tr><td><ul><li>Novo has advanced Pilbara high-grade gold and gold-antimony prospects which will be the focus for exploration and drilling in H2 2025.</li><li>Exploration at the Sh… [+135512 chars]",newsapi,2025-06-19 14:05:00+00:00
78,PCWorld,It’s not just Prime Video: Max shows 50% more ads now,https://www.pcworld.com/article/2820461/its-not-just-prime-video-max-shows-50-more-ads-now.html,2025-06-19T14:00:00Z,"When HBO Max launched its ad-supported plan in 2021, it promised no more than four minutes of ads per hour. Now, it’s quietly backtracked.




A support page for Max’s Basic with Ads plan says to expect six minutes of ads per hour, a 50 percent jump. Accordi…","Skip to contentType your search and hit enter
When you purchase through links in our articles, we may earn a small commission. This doesn't affect our editorial independence
.
When HBO Max launche… [+5163 chars]",newsapi,2025-06-19 14:00:00+00:00
79,Securityaffairs.com,Iran experienced a near-total national internet blackout,https://securityaffairs.com/179136/security/iran-experienced-a-near-total-national-internet-blackout.html,2025-06-19T12:35:11Z,Iran experienced a near-total internet blackout on Wednesday as tensions with Israel escalated into the first week of conflict. Global internet monitor NetBlocks reported almost near-total Internet disruptions in Iran as tensions with Israel escalated into th…,"Iran experienced a near-total national internet blackout
 | Malicious Minecraft mods distributed by the Stargazers DaaS target Minecraft gamers
 | Healthcare services company Episource data breach … [+173754 chars]",newsapi,2025-06-19 12:35:11+00:00
80,Search Engine Journal,"Aligning The CIO, CFO & CMO For Search‑Driven ROI via @sejournal, @TaylorDanRW",https://www.searchenginejournal.com/aligning-the-cio-cfo-cmo-for-search-driven-roi/548999/,2025-06-19T12:30:16Z,"As AI search redefines visibility, brands must shift from ranking to relevance. This is where leadership must step up.
The post Aligning The CIO, CFO & CMO For Search‑Driven ROI appeared first on Search Engine Journal.","The traditional linear path from awareness to conversion is no longer the norm.
Users today interact with generative engines like ChatGPT, Gemini, and Perplexity, as well as voice interfaces and pro… [+7637 chars]",newsapi,2025-06-19 12:30:16+00:00
81,GlobeNewswire,EMGS: Annual general meeting held,https://www.globenewswire.com/news-release/2025/06/19/3102147/0/en/EMGS-Annual-general-meeting-held.html,2025-06-19T11:26:00Z,"The annual general meeting (the ""AGM"") of Electromagnetic Geoservices ASA (""EMGS"" or the ""Company"") was held today, 19 June 2025 at 12:00 CEST.  All...","The annual general meeting (the ""AGM"") of Electromagnetic Geoservices ASA (""EMGS"" or the ""Company"") was held today, 19 June 2025 at 12:00 CEST.
All items on the agenda were resolved in accordance wi… [+1494 chars]",newsapi,2025-06-19 11:26:00+00:00
82,Pypi.org,pyqdpx 0.1.2,https://pypi.org/project/pyqdpx/0.1.2/,2025-06-19T11:01:16Z,A Python module to process Qualitative Data Exchange (QDPX) XML files.,"A required part of this site couldnt load. This may be due to a browser
 extension, network issues, or browser settings. Please check your
 connection, disable any ad blockers, or try using a diffe… [+12 chars]",newsapi,2025-06-19 11:01:16+00:00
83,Kevinmd.com,Why interoperability is key to achieving the quintuple aim in health care,https://kevinmd.com/2025/06/why-interoperability-is-key-to-achieving-the-quintuple-aim-in-health-care.html,2025-06-19T11:00:25Z,"The vast majority of my physician colleagues understand the value of interoperability for their patients and their ability to deliver high-quality care. In the rare cases that I encounter a clinician who is unsure of interoperability’s benefits, I simply tell…","The vast majority of my physician colleagues understand the value of interoperability for their patients and their ability to deliver high-quality care.
In the rare cases that I encounter a clinicia… [+4979 chars]",newsapi,2025-06-19 11:00:25+00:00
84,Wired,How Democrats Are Meeting (and Missing) the Moment,https://www.wired.com/story/democrats-meeting-missing-the-moment/,2025-06-19T11:00:00Z,"After the shootings of lawmakers in Minnesota, the weekend's ""No Kings"" protests, and elected officials being placed in handcuffs, Democrats are searching for the path forward.","Democrats have been deeply pessimistic about the future of their own party, according to polling, despite a recent rebound for the party brand in the generic ballot against Republicans, where they no… [+4164 chars]",newsapi,2025-06-19 11:00:00+00:00
85,Pypi.org,pyqdpx 0.1.1,https://pypi.org/project/pyqdpx/0.1.1/,2025-06-19T10:57:22Z,A Python module to process Qualitative Data Exchange (QDPX) XML files.,"A required part of this site couldnt load. This may be due to a browser
 extension, network issues, or browser settings. Please check your
 connection, disable any ad blockers, or try using a diffe… [+12 chars]",newsapi,2025-06-19 10:57:22+00:00
86,Pypi.org,pyqdpx added to PyPI,https://pypi.org/project/pyqdpx/,2025-06-19T10:54:07Z,A Python module to process Qualitative Data Exchange (QDPX) XML files.,"A required part of this site couldnt load. This may be due to a browser
 extension, network issues, or browser settings. Please check your
 connection, disable any ad blockers, or try using a diffe… [+12 chars]",newsapi,2025-06-19 10:54:07+00:00
87,Securityaffairs.com,Malicious Minecraft mods distributed by the Stargazers DaaS target Minecraft gamers,https://securityaffairs.com/179127/malware/malicious-minecraft-mods-distributed-by-the-stargazers-daas-target-minecraft-gamers.html,2025-06-19T10:20:54Z,"Java-based malware targets Minecraft users via fake cheat tools, utilizing the Stargazers Ghost Network distribution-as-a-service (DaaS). Check Point researchers found a multi-stage malware on GitHub targeting Minecraft users via Stargazers DaaS, using Java/.…","Malicious Minecraft mods distributed by the Stargazers DaaS target Minecraft gamers
 | Healthcare services company Episource data breach impacts 5.4 Million people
 | Watch out, Veeam fixed a new c… [+173693 chars]",newsapi,2025-06-19 10:20:54+00:00
88,The Drum,Cannes you feel it? Neu-roads ahead for adland in contextual’s next chapter,https://www.thedrum.com/news/2025/06/19/cannes-you-feel-it-neu-roads-ahead-adland-contextual-s-next-chapter,2025-06-19T10:00:00Z,"As campaigns fight to stand out at Cannes, a new era of neuro-contextual advertising is emerging – where emotionally intelligent tech isn’t just figuring out what people are reading, it’s understanding why they care. We’re doing the Cannes can this week, and …","As campaigns fight to stand out at Cannes, a new era of neuro-contextual advertising is emerging where emotionally intelligent tech isnt just figuring out what people are reading, its understanding w… [+6109 chars]",newsapi,2025-06-19 10:00:00+00:00
89,Gizchina.com,NFC 15 Standard Released: Extended Range and New Features,https://www.gizchina.com/2025/06/19/nfc-15-standard-released-extended-range-and-new-features/,2025-06-19T09:49:20Z,"The NFC Forum has issued the version 15 of its Near Field Communication (NFC) standard. The new version includes several important upgrades that will enable ...
The post NFC 15 Standard Released: Extended Range and New Features appeared first on Gizchina.com.","The NFC Forum has issued the version 15 of its Near Field Communication (NFC) standard. The new version includes several important upgrades that will enable NFC technology to be easier to use, more r… [+2578 chars]",newsapi,2025-06-19 09:49:20+00:00
90,GlobeNewswire,Electronics Test & Measurement Software Markets Report 2024-2025 & 2029: Niche Vendors Find Opportunities in Cost-Effective Software Testing Solutions,https://www.globenewswire.com/news-release/2025/06/19/3102082/28124/en/Electronics-Test-Measurement-Software-Markets-Report-2024-2025-2029-Niche-Vendors-Find-Opportunities-in-Cost-Effective-Software-Testing-Solutions.html,2025-06-19T08:52:00Z,"Explore key trends in the global electronic test and measurement (T&M) software market, driven by the increasing demand for cost-effective, simulation-capable software testing. With a focus on innovation and M&A, direct sales remain prevalent. Subscription mo…","Dublin, June 19, 2025 (GLOBE NEWSWIRE) -- The ""Electronics Test &amp; Measurement Software, Global, 2024-2029"" report has been added to ResearchAndMarkets.com's offering.
This report examines the ke… [+6769 chars]",newsapi,2025-06-19 08:52:00+00:00
91,GlobeNewswire,"Life Sciences Real-World Evidence Solutions Company Benchmark Report 2025: Vendor Evaluation Emphasizes Data Integration, Analytics, and Patient-Centric Approaches",https://www.globenewswire.com/news-release/2025/06/19/3102076/28124/en/Life-Sciences-Real-World-Evidence-Solutions-Company-Benchmark-Report-2025-Vendor-Evaluation-Emphasizes-Data-Integration-Analytics-and-Patient-Centric-Approaches.html,2025-06-19T08:33:00Z,"Explore how the evolving IT landscape revolutionizes life sciences with data-driven RWE solutions. Discover top companies shortlisted for their impact on research, clinical trials, and patient outcomes using Frost Radar™. Learn about the industry's innovation…","Dublin, June 19, 2025 (GLOBE NEWSWIRE) -- The ""Life Sciences Real-World Evidence Solutions, 2025: Frost RadarT Report"" report has been added to ResearchAndMarkets.com's offering.
The evolving IT lan… [+2599 chars]",newsapi,2025-06-19 08:33:00+00:00
92,Digitimes,"New front opens in CPO, SiPh race: TSMC and Taiwanese supply chain in the lead",https://www.digitimes.com/news/a20250618PD223/cpo-siph-demand-tsmc-taiwan.html,2025-06-19T08:11:44Z,"Surging demand for AI compute is driving global investment in GPUs, ASICs, and next-generation datacenter infrastructure. As conventional electronic interconnects fall short of meeting high-bandwidth, low-latency data exchange needs, silicon photonics (SiPh) …","Save my User ID and Password
Some subscribers prefer to save their log-in information so they do not have to enter their User ID and Password each time they visit the site. To activate this function… [+307 chars]",newsapi,2025-06-19 08:11:44+00:00
93,ETF Daily News,"AstroNova, Inc. (NASDAQ:ALOT) Short Interest Update",https://www.etfdailynews.com/2025/06/19/astronova-inc-nasdaqalot-short-interest-update-2/,2025-06-19T08:07:01Z,"AstroNova, Inc. (NASDAQ:ALOT – Get Free Report) was the target of a large decrease in short interest in May. As of May 31st, there was short interest totalling 8,900 shares, a decrease of 28.2% from the May 15th total of 12,400 shares. Approximately 0.2% of t…","AstroNova, Inc. (NASDAQ:ALOT – Get Free Report) was the target of a large decrease in short interest in May. As of May 31st, there was short interest totalling 8,900 shares, a decrease of 28.2% from … [+4306 chars]",newsapi,2025-06-19 08:07:01+00:00
94,GlobeNewswire,"Latin America Enterprise Mobility Market Report 2025-2030: Transformative Megatrends, Competitive Intensity, Disruptive Technologies, Analyst Perspectives",https://www.globenewswire.com/news-release/2025/06/19/3102055/28124/en/Latin-America-Enterprise-Mobility-Market-Report-2025-2030-Transformative-Megatrends-Competitive-Intensity-Disruptive-Technologies-Analyst-Perspectives.html,2025-06-19T08:05:00Z,"Explore the growing enterprise mobility market in LATAM, focusing on mobile phone-based services. This market study covers key trends, competitive strategies, and opportunities across Argentina, Brazil, Chile, Colombia, and Mexico from 2025-2030. Uncover insi…","Dublin, June 19, 2025 (GLOBE NEWSWIRE) -- The ""Enterprise Mobility Market, Latin America, 2025-2030"" report has been added to ResearchAndMarkets.com's offering.
The revenue estimate for the base yea… [+10302 chars]",newsapi,2025-06-19 08:05:00+00:00
95,The BMJ,Accuracy of self-reported disease severity and need for hospital admission,https://emj.bmj.com/content/42/7/471,2025-06-19T07:55:26Z,"Patients with longer waiting times at the ED have higher admission rates and increased short-term death risks.1 2 Although there is limited evidence of the value of predicting hospital admission at an early stage, it is possible that such predictions could be…",Patients with longer waiting times at the ED have higher admission rates and increased short-term death risks.1 2 Although there is limited evidence of the value of predicting hospital admission at a… [+4278 chars],newsapi,2025-06-19 07:55:26+00:00
96,ETF Daily News,Analyzing Geospace Technologies (NASDAQ:GEOS) & Reliability (OTCMKTS:RLBY),https://www.etfdailynews.com/2025/06/19/analyzing-geospace-technologies-nasdaqgeos-reliability-otcmktsrlby/,2025-06-19T06:04:49Z,"Valuation & Earnings This table compares Geospace Technologies and Reliability”s top-line revenue, earnings per share (EPS) and valuation. Gross Revenue Price/Sales Ratio Net Income Earnings Per Share Price/Earnings Ratio Geospace Technologies $135.60 million…","Valuation &amp; Earnings
This table compares Geospace Technologies and Reliability”s top-line revenue, earnings per share (EPS) and valuation.
<table><tr><td></td><td>Gross Revenue</td><td>Price/Sa… [+5779 chars]",newsapi,2025-06-19 06:04:49+00:00
97,Neowin,Brave 1.79.126,https://www.neowin.net/software/brave-179126/,2025-06-19T04:00:01Z,"Privacy-focused web browser that prioritizes speed and security. With built-in HTTPS Everywhere and rewards for viewing ads, Brave is the perfect choice for those who value their privacy online. Read more...","Brave Browser is a lightning-fast, secure web browser that stands out from the competition with its focus on privacy, security, and speed. With features like HTTPS Everywhere and built-in tracker blo… [+1338 chars]",newsapi,2025-06-19 04:00:01+00:00
98,EFF,Strategies for Resisting Tech-Enabled Violence Facing Transgender People,https://www.eff.org/deeplinks/2025/06/strategies-resisting-tech-enabled-violence-facing-transgender-people,2025-06-18T22:49:37Z,"Today's Supreme Court’s ruling in U.S. v. Skrmetti upholding bans on gender-affirming care for youth makes it clear: trans people are under attack. Threats to trans rights and healthcare are coming from legislatures, anti-trans bigots (both organized and not)…",Today's Supreme Courts ruling in U.S. v. Skrmetti upholding bans on gender-affirming care for youth makes it clear: trans people are under attack. Threats to trans rights and healthcare are coming fr… [+9441 chars],newsapi,2025-06-18 22:49:37+00:00
99,Prnewsonline.com,The State of Journalism in 2025: Insights to Optimize Your Media Relations,https://www.prnewsonline.com/the-state-of-journalism-in-2025-insights-to-optimize-your-media-relations/,2025-06-18T21:44:45Z,"The ever-changing media environment magnifies the expectations, pressures and preferences of journalists. Muck Rack surveyed over 1,500 journalists to better understand what shapes their work today, and how PR professionals can more effectively collaborate wi…","The ever-changing media environment magnifies the expectations, pressures and preferences of journalists. Muck Rack surveyed over 1,500 journalists to better understand what shapes their work today, … [+4567 chars]",newsapi,2025-06-18 21:44:45+00:00
100,Securityaffairs.com,Healthcare services company Episource data breach impacts 5.4 Million people,https://securityaffairs.com/179115/data-breach/healthcare-services-company-episource-data-breach-impacts-5-4-million-people.html,2025-06-18T20:55:24Z,Data breach at Healthcare services company Episource exposes personal and health data of over 5.4 million people in major cyberattack. A cyberattack on healthcare firm Episource led to a data breach exposing personal and health data of over 5.4 million indivi…,"Healthcare services company Episource data breach impacts 5.4 Million people
 | Watch out, Veeam fixed a new critical bug in Backup &amp; Replication product
 | U.S. CISA adds Linux Kernel flaw to … [+173605 chars]",newsapi,2025-06-18 20:55:24+00:00
101,CNBC,"Scale AI not 'winding down' following Meta deal, interim CEO tells employees and customers",https://www.cnbc.com/2025/06/18/scale-ai-not-winding-down-following-meta-deal-interim-ceo-says.html,2025-06-18T18:03:50Z,Scale AI's interim CEO Jason Droege told employees that the AI company is not 'winding down' following the $14.3 billion investment from Meta.,Scale AI's Interim CEO Jason Droege said in a memo on Wednesday that the artificial intelligence startup is not changing course following Meta's multibillion-dollar investment in the company last wee… [+2141 chars],newsapi,2025-06-18 18:03:50+00:00
102,The Times of India,OpenAI is phasing out Scale AI work following startup’s Meta deal,https://economictimes.indiatimes.com/tech/artificial-intelligence/openai-is-phasing-out-scale-ai-work-following-startups-meta-deal/articleshow/121936671.cms,2025-06-18T16:49:39Z,"OpenAI is phasing out its work with Scale AI, citing a need for more specialized data providers to support advanced AI models. The decision, already underway before Meta’s $14.3 billion investment in Scale, adds uncertainty to Scale’s business as rivals like …","OpenAI is phasing out the work it does with data-labeling startup Scale AI, cutting ties with the company days after Meta Platforms Inc. invested billions of dollars in it and hired its founder. Scal… [+2782 chars]",newsapi,2025-06-18 16:49:39+00:00
103,CNBC,"OpenAI is winding down its work with Scale AI, whose founder is joining Meta",https://www.cnbc.com/2025/06/18/openai-is-winding-down-its-work-with-scale-ai-founder-is-joining-meta.html,2025-06-18T16:20:29Z,"OpenAI has been winding down its work with Scale AI over the last year, according to a spokesperson.","OpenAI is winding down its work with Scale AI, the artificial intelligence startup that received a multibillion-dollar investment from Meta earlier this month and saw its founder join the social medi… [+2117 chars]",newsapi,2025-06-18 16:20:29+00:00
104,GSMArena.com,NFC 15 comes with improved range and better features,https://www.gsmarena.com/nfc_15_comes_with_improved_range_and_better_features-news-68310.php,2025-06-18T16:17:02Z,"NFC Forum introduced version 15 of the NFC (Near Field Communication) standard. The most notable upgrade is the extended communication range. It's now 2 cm, up from 0.5 cm. This makes tasks such as contactless payments faster and more stable.



With the incr…","NFC Forum introduced version 15 of the NFC (Near Field Communication) standard. The most notable upgrade is the extended communication range. It's now 2 cm, up from 0.5 cm. This makes tasks such as c… [+937 chars]",newsapi,2025-06-18 16:17:02+00:00
105,Trendhunter.com,Tiered Healthcare Benefit Plans - American Collective LP Has Introduced a Dual-Focused Initiative (TrendHunter.com),https://www.trendhunter.com/trends/healthcare-benefit-plan,2025-06-18T15:57:10Z,(TrendHunter.com) American Collective LP is combining data aggregation services with affordable healthcare benefit plans. The result boasts an unconventional approach to personal data monetization and health...,American Collective LP is combining data aggregation services with affordable healthcare benefit plans. The result boasts an unconventional approach to personal data monetization and health coverage.… [+879 chars],newsapi,2025-06-18 15:57:10+00:00
106,GlobeNewswire,U.S. Bank Tops Javelin Strategy & Research’s 2025 Mobile and Online Banking Scorecards,https://www.globenewswire.com/news-release/2025/06/18/3101638/0/en/U-S-Bank-Tops-Javelin-Strategy-Research-s-2025-Mobile-and-Online-Banking-Scorecards.html,2025-06-18T14:10:00Z,Shortcomings Underscore Why Two-Thirds of Consumers Look Beyond Their Bank for Help with Their Finances Shortcomings Underscore Why Two-Thirds of Consumers Look Beyond Their Bank for Help with Their Finances,"SAN FRANCISCO, June 18, 2025 (GLOBE NEWSWIRE) -- Javelin Strategy &amp; Research has released the 2025 editions of its annualMobile Banking Scorecard
 andOnline Banking Scorecard
, with U.S. Bank a… [+3268 chars]",newsapi,2025-06-18 14:10:00+00:00
107,Fox News,10 signs your personal data is being sold online,https://www.foxnews.com/tech/10-signs-your-personal-data-being-sold-online,2025-06-18T14:00:52Z,A personal data protection guide revealing 10 signs your information is circulating among data brokers and practical strategies to regain control of your digital footprint.,"Your personal data is probably being sold right now. Scam calls, junk emails, and weird login alerts aren't random. They're warning signs that your information is being circulated through data broker… [+10570 chars]",newsapi,2025-06-18 14:00:52+00:00
108,Plos.org,Auditory cortex neurons that encode negative prediction errors respond to omissions of sounds in a predictable sequence,https://journals.plos.org/plosbiology/article?id=10.1371/journal.pbio.3003242,2025-06-18T14:00:00Z,Neurons encoding positive or negative prediction errors signal a mismatch between the expected and the experienced input. This study shows how neurons encoding negative prediction errors in the auditory system compute the omission of sounds in a predictable t…,"Citation: Yaron A, Shiramatsu-Isoguchi T, Kern FB, Ohki K, Takahashi H, Chao ZC (2025) Auditory cortex neurons that encode negative prediction errors respond to omissions of sounds in a predictable s… [+95329 chars]",newsapi,2025-06-18 14:00:00+00:00
109,Plos.org,"Relationship network, knowledge transfer and open innovation behavior of SMEs from China",https://journals.plos.org/plosone/article?id=10.1371/journal.pone.0326490,2025-06-18T14:00:00Z,"In the context of globalization and digital transformation, small and medium-sized enterprises (SMEs) face increasing resource constraints that limit traditional innovation models. This study investigates how Chinese SMEs’ relational networks influence their …","1. Introduction
The escalating complexity of the environmental landscape, economic globalization, and the data revolution have diminished the effectiveness of traditional innovation approaches and u… [+55092 chars]",newsapi,2025-06-18 14:00:00+00:00
110,Plos.org,Study on the quantitative analysis of Tilianin based on Raman spectroscopy combined with deep learning,https://journals.plos.org/plosone/article?id=10.1371/journal.pone.0325530,2025-06-18T14:00:00Z,"Tilianin is a commonly used pharmaceutical ingredient with various biological activities such as antioxidant, anti-inflammatory, and anticancer, which is able to exert antitumor effects by inhibiting tumor cell proliferation, inducing apoptosis and inhibiting…","Citation: Jiang W, Liu W, Xin X, Zhang W, Chen J, Liu J, et al. (2025) Study on the quantitative analysis of Tilianin based on Raman spectroscopy combined with deep learning. PLoS One 20(6):
 e03255… [+46147 chars]",newsapi,2025-06-18 14:00:00+00:00
111,MobileSyrup,NFC just got a major range boost in latest release,https://mobilesyrup.com/2025/06/18/nfc-just-got-a-major-range-boost-in-latest-release/,2025-06-18T13:34:02Z,"The tech behind tap-to-pay and other features on your smartphone is about to get a significant range boost, and your smart devices will love it. The latest release of Near-field communication (NFC), dubbed Release 15, will boost range from 5mm to 2cm. This is…","The tech behind tap-to-pay and other features on your smartphone is about to get a significant range boost, and your smart devices will love it.
The latest release of Near-field communication (NFC),… [+1902 chars]",newsapi,2025-06-18 13:34:02+00:00
112,Securityaffairs.com,"Watch out, Veeam fixed a new critical bug in Backup & Replication product",https://securityaffairs.com/179109/security/watch-out-veeam-fixed-a-new-critical-bug-in-backup-replication-product.html,2025-06-18T13:33:01Z,"Veeam addressed a new critical flaw in Backup & Replication product that could potentially result in remote code execution. Veeam has rolled out security patches to address a critical security vulnerability, tracked CVE-2025-23121 (CVSS score of 9.9) in its B…","Watch out, Veeam fixed a new critical bug in Backup &amp; Replication product
 | U.S. CISA adds Linux Kernel flaw to its Known Exploited Vulnerabilities catalog
 | News Flodrix botnet targets vulne… [+173524 chars]",newsapi,2025-06-18 13:33:01+00:00
113,Slashdot.org,Surprise: Minnesota Killer Used Data Brokers To Target And Murder Politicians,https://slashdot.org/firehose.pl?op=view&amp;id=178087223,2025-06-18T12:34:14Z,"For years weve noted how this countrys corrupt inability to protect consumer security, regulate data brokers, or pass even a baseline privacy law was going to have increasingly deadly consequences. Endless signs have been there; from stalkers abusing app and …","""In matters of principle, stand like a rock; in matters of taste, swim with 
the current.""
-- Thomas Jefferson",newsapi,2025-06-18 12:34:14+00:00
114,Techdirt,Surprise: Minnesota Killer Used Data Brokers To Target And Murder Politicians,https://www.techdirt.com/2025/06/18/surprise-minnesota-killer-used-data-brokers-to-target-and-murder-politicians/,2025-06-18T12:26:00Z,"For years we’ve noted how this country’s corrupt inability to protect consumer security, regulate data brokers, or pass even a baseline privacy law was going to have increasingly deadly consequences. Endless signs have been there; from stalkers abusing app an…","from the unsurprising-developments dept
For years we’ve noted how this country’s corrupt inability to protect consumer security, regulate data brokers, or pass even a baseline privacy law was going … [+2634 chars]",newsapi,2025-06-18 12:26:00+00:00
115,Mactrast.com,NFC Release 15 to Expand Range of Contactless Connections by 4x,https://www.mactrast.com/2025/06/nfc-release-15-to-expand-range-of-contactless-connections-by-4x/,2025-06-18T12:07:43Z,"The NFC Forum has announced NFC Release 15, which will provide four times the operating range of Near Field Communication interactions.Read More...","The NFC Forum has announced NFC Release 15, which will provide four times the operating range of Near Field Communication interactions and enables faster, more seamless experiences. The NFC Forum is … [+2090 chars]",newsapi,2025-06-18 12:07:43+00:00
116,Securityaffairs.com,U.S. CISA adds Linux Kernel flaw to its Known Exploited Vulnerabilities catalog,https://securityaffairs.com/179104/hacking/u-s-cisa-adds-linux-kernel-flaw-to-its-known-exploited-vulnerabilities-catalog-2.html,2025-06-18T11:54:27Z,U.S. Cybersecurity and Infrastructure Security Agency (CISA) adds Linux Kernel vulnerability to its Known Exploited Vulnerabilities catalog. The U.S. Cybersecurity and Infrastructure Security Agency (CISA) added Google Chromium V8 Out-of-Bounds Read and Write…,"U.S. CISA adds Linux Kernel flaw to its Known Exploited Vulnerabilities catalog
 | News Flodrix botnet targets vulnerable Langflow servers
 | U.S. CISA adds Apple products, and TP-Link routers flaw… [+173442 chars]",newsapi,2025-06-18 11:54:27+00:00
117,Vmblog.com,"SingleStore Drops an Enterprise AI Glow-Up: Built for Real-Time, Serverless Functions and Ultimate Dev Flow",https://vmblog.com:443/archive/2025/06/18/singlestore-drops-an-enterprise-ai-glow-up-built-for-real-time-serverless-functions-and-ultimate-dev-flow.aspx,2025-06-18T11:53:00Z,SingleStore announced powerful new capabilities to deliver the ever-increasing performance required for deploying AI at the enterprise level.,"SingleStore announced powerful new capabilities to deliver the ever-increasing performance required for deploying AI at the enterprise level.The range of enhancements is both broad and deep, with eve… [+2616 chars]",newsapi,2025-06-18 11:53:00+00:00
118,Forbes,AI Marketing Meets Influence: The Creator Economy OS,https://www.forbes.com/sites/geristengel/2025/06/18/ai-marketing-meets-influence-the-creator-economy-os/,2025-06-18T11:00:42Z,"Discover how INGENIUS Studio is reinventing influencer marketing software with AI, data aggregation, and a platform built for brand-creator alignment.","LaTecia Johnson, founder and CEO at Ingenious Studio
INGENIUS is a social-first platform that powers commerce and measures ROI by connecting brands to creators with real-time insights across every c… [+5841 chars]",newsapi,2025-06-18 11:00:42+00:00
119,Securityaffairs.com,News Flodrix botnet targets vulnerable Langflow servers,https://securityaffairs.com/179094/malware/news-flodrix-botnet-targets-vulnerable-langflow-servers.html,2025-06-18T10:43:57Z,"Attackers exploit CVE-2025-3248 in Langflow servers to deliver Flodrix botnet via downloader scripts, Trend Research reports. Trend Research uncovered an ongoing campaign exploiting the vulnerability CVE-2025-3248 to deliver the Flodrix botnet. Attackers expl…","News Flodrix botnet targets vulnerable Langflow servers
 | U.S. CISA adds Apple products, and TP-Link routers flaws to its Known Exploited Vulnerabilities catalog
 | Attackers target Zyxel RCE vuln… [+173358 chars]",newsapi,2025-06-18 10:43:57+00:00
120,Finextra,Tenity doubles down on Quanted,https://www.finextra.com/pressarticle/106011/tenity-doubles-down-on-quanted,2025-06-18T08:54:14Z,"Tenity is doubling down on Quanted—the UK startup modernising quant data infrastructure with cutting-edge tooling—alongside Flixfounders and strategic angels, including the owners of a $41B AUM asset manager, a $1.4B commodities firm, a quant hedge fund, and …","Tenity is doubling down on Quantedthe UK startup modernising quant data infrastructure with cutting-edge toolingalongside Flixfounders and strategic angels, including the owners of a $41B AUM asset m… [+3789 chars]",newsapi,2025-06-18 08:54:14+00:00
121,Fedoramagazine.org,Fedora Magazine: Making sense of software licensing with FSFE REUSE: A beginner’s guide for open source developers,https://fedoramagazine.org/beginners-guide-for-open-source-developers-for-software-licensing-with-fsfe-reuse/,2025-06-18T08:00:00Z,"Learn how the REUSE specification from FSFE helps bring clarity to open source licensing. This article covers real-world examples, and tips to make your project REUSE compliant.","Among the many details developers juggle, software licensing is often treated as an afterthought. We know we need it. However, faced with choosing the right license, tracking inherited code, and keep… [+16958 chars]",newsapi,2025-06-18 08:00:00+00:00
122,ETF Daily News,"Fifth Third Bancorp Has $482,000 Stake in Clearwater Analytics Holdings, Inc. (NYSE:CWAN)",https://www.etfdailynews.com/2025/06/18/fifth-third-bancorp-has-482000-stake-in-clearwater-analytics-holdings-inc-nysecwan/,2025-06-18T07:56:58Z,"Fifth Third Bancorp decreased its position in Clearwater Analytics Holdings, Inc. (NYSE:CWAN – Free Report) by 23.1% during the 1st quarter, HoldingsChannel.com reports. The firm owned 17,992 shares of the company’s stock after selling 5,391 shares during the…","Fifth Third Bancorp decreased its position in Clearwater Analytics Holdings, Inc. (NYSE:CWAN – Free Report) by 23.1% during the 1st quarter, HoldingsChannel.com reports. The firm owned 17,992 shares … [+5749 chars]",newsapi,2025-06-18 07:56:58+00:00
123,ETF Daily News,"AMETEK, Inc. (NYSE:AME) Shares Sold by Farther Finance Advisors LLC",https://www.etfdailynews.com/2025/06/18/ametek-inc-nyseame-shares-sold-by-farther-finance-advisors-llc/,2025-06-18T07:30:51Z,"Farther Finance Advisors LLC decreased its holdings in shares of AMETEK, Inc. (NYSE:AME – Free Report) by 13.3% during the 1st quarter, Holdings Channel.com reports. The firm owned 1,738 shares of the technology company’s stock after selling 267 shares during…","Farther Finance Advisors LLC decreased its holdings in shares of AMETEK, Inc. (NYSE:AME – Free Report) by 13.3% during the 1st quarter, Holdings Channel.com reports. The firm owned 1,738 shares of th… [+6555 chars]",newsapi,2025-06-18 07:30:51+00:00
124,Naturalnews.com,"Major airlines secretly sold passenger data to federal agencies, documents reveal",https://www.naturalnews.com/2025-06-18-major-airlines-sold-passenger-data-federal-agencies.html,2025-06-18T06:00:00Z,"Airlines Reporting Corporation (ARC), owned by major airlines (Delta, American, United, etc.), sold bulk passenger data – including names, itineraries, and financial details – to U.S. federal agencies like Customs and Border Protection (CBP) and Immigration a…","<ul><li>Airlines Reporting Corporation (ARC), owned by major airlines (Delta, American, United, etc.), sold bulk passenger data including names, itineraries, and financial details to U.S. federal age… [+5206 chars]",newsapi,2025-06-18 06:00:00+00:00
125,Forbes,The Death Of Privacy And The Radical Reshaping Of A Political System,https://www.forbes.com/sites/hessiejones/2025/06/17/the-death-of-privacy-and-the-radical-reshaping-of-a-political-system/,2025-06-18T02:50:00Z,"Elon Musk's name will go down in history, not as the man who got us into space, but the man to helped to reshape the U.S. government into a surveillance state.","NEW YORK, UNITED STATES - 2025/03/08: A protestor&amp;nbsp;outside&amp;nbsp;a Tesla showroom in Manhattan ... More holds a sign that reads ""Block fascism now"". Protests outside Tesla businesses acros… [+14701 chars]",newsapi,2025-06-18 02:50:00+00:00
126,Gizmodo.com,Alleged Minnesota Shooter Used Data Brokers to Find Lawmakers’ Addresses,https://gizmodo.com/alleged-minnesota-shooter-used-data-brokers-to-find-lawmakers-addresses-2000616975,2025-06-17T18:50:06Z,Senators are calling for new restrictions on the sale of personal information.,"Vance Boelter, the man accused of assassinating a Democratic Minnesota state representative and shooting a state senator on Sunday, acquired the addresses of his victims and other alleged targets by … [+3343 chars]",newsapi,2025-06-17 18:50:06+00:00
