source,title,url,published_at,description,content,fetched_from,published_at_parsed
Databricks.com,Your 2025 Data and AI Summit Guide for the Retail & Consumer Goods Industries Experience,https://www.databricks.com/blog/your-2025-data-and-ai-summit-guide-retail-consumer-goods-industries-experience,2025-06-04T17:09:34Z,In this blog we’ll explore how you can maximize networking and education opportunities with the Retail & Consumer Goods Industry Experience at Data and AI Summit 2025,"The biggest event of the year in data and AI is upon us! As Industry Marketing Leader for Retail and Consumer Goods at Databricks, I couldnt be more excited for Data and AI Summit, taking place in Sa… [+6851 chars]",newsapi,2025-06-04 17:09:34+00:00
Nextpit.com,"Whoop MG Review: The Smartest Wearable for Your Health, Period.",https://www.nextpit.com/reviews/whoop-mg-review,2025-06-04T17:00:00Z,"I tested the new Whoop 5.0 MG—packed with advanced health tracking and wrapped in a clean, minimalist design. Here’s everything you need to know about it.","The Whoop MG isnt your average fitness tracker. Yes, it counts steps and logs the basics, but thats not the point. Its real focus is on recovery, strain, sleep, and long-term health trends. Theres no… [+20023 chars]",newsapi,2025-06-04 17:00:00+00:00
Forbes,CMOs Plan Big Investments In AI For The Next Three Years,https://www.forbes.com/sites/cmo/2025/06/04/cmos-plan-big-investments-in-ai-for-the-next-three-years/,2025-06-04T16:53:16Z,"Also in the Forbes CMO newsletter: How Kellanova uses data clean room technology, X plans a WhatsApp competitor, MLB invests in pro softball league.","This is the published version of Forbes' CMO newsletter, which offers the latest news for chief marketing officers and other messaging-focused leaders. Click here to get it delivered to your inbox ev… [+15621 chars]",newsapi,2025-06-04 16:53:16+00:00
Financial Post,Fermilab: Muon g-2 announces most precise measurement of the magnetic anomaly of the muon,https://financialpost.com/globe-newswire/fermilab-muon-g-2-announces-most-precise-measurement-of-the-magnetic-anomaly-of-the-muon,2025-06-04T16:52:11Z,"The third and final result, based on the last three years of data, is in perfect agreement with the experiment’s previous results, further solidifying the experimental world average. This long-awaited value will be the world’s most precise measurement of the …","The muon magnetic anomaly encodes the effects of all Standard Model particles, and theoretical physicists can calculate these contributions to an incredible precision. But previous measurements taken… [+3412 chars]",newsapi,2025-06-04 16:52:11+00:00
Databricks.com,Your Data and AI Summit Guide for Healthcare and Life Sciences Industry Experience,https://www.databricks.com/blog/your-data-and-ai-summit-guide-healthcare-and-life-sciences-industry-experience,2025-06-04T16:51:47Z,"The biggest event of the year in data and AI is upon us! As Industry Marketing Leader for Healthcare and Life Sciences at Databricks, I","The biggest event of the year in data and AI is upon us! As Industry Marketing Leader for Healthcare and Life Sciences at Databricks, I couldnt be more excited for Data and AI Summit 2025, taking pla… [+5586 chars]",newsapi,2025-06-04 16:51:47+00:00
GlobeNewswire,Fermilab: Muon g-2 announces most precise measurement of the magnetic anomaly of the muon,https://www.globenewswire.com/news-release/2025/06/04/3093877/0/en/Fermilab-Muon-g-2-announces-most-precise-measurement-of-the-magnetic-anomaly-of-the-muon.html,2025-06-04T16:48:00Z,"The third and final result, based on the last three years of data, is in perfect agreement with the experiment’s previous results, further solidifying the experimental world average. This long-awaited value will be the world’s most precise measurement of the …","Batavia, Ill., June 04, 2025 (GLOBE NEWSWIRE) -- Scientists working on the Muon g-2 experiment, hosted by the U.S. Department of Energys Fermi National Accelerator Laboratory, have released their thi… [+8646 chars]",newsapi,2025-06-04 16:48:00+00:00
The Star Online,3 generations of dolphins spotted off Israeli coast in rare sighting,https://www.thestar.com.my/news/world/2025/06/05/3-generations-of-dolphins-spotted-off-israeli-coast-in-rare-sighting,2025-06-04T16:47:00Z,"JERUSALEM, June 4 (Xinhua) -- Israeli marine researchers have documented a rare sighting of three generations of bottlenose dolphins swimming together in the Mediterranean Sea off the coast of Tel Aviv, the University of Haifa said in a statement on Wednesday…","JERUSALEM, June 4 (Xinhua) -- Israeli marine researchers have documented a rare sighting of three generations of bottlenose dolphins swimming together in the Mediterranean Sea off the coast of Tel Av… [+1262 chars]",newsapi,2025-06-04 16:47:00+00:00
Jneurosci.org,"Relating Scene Memory and Perception Activity to Functional Properties, Networks, and Landmarks of Posterior Cerebral Cortex--A Probabilistic Atlas",https://www.jneurosci.org/content/45/23/e0028252025,2025-06-04T16:30:28Z,Adaptive behavior in complex environments requires integrating visual perception with memory of our spatial environment. Recent work has implicated three brain areas in posterior cerebral cortex—the place memory areas (PMAs) that are anterior to the three vis…,Adaptive behavior in complex environments requires integrating visual perception with memory of our spatial environment. Recent work has implicated three brain areas in posterior cerebral cortexthe p… [+1531 chars],newsapi,2025-06-04 16:30:28+00:00
Nvidia.com,"Floating-Point 8: An Introduction to Efficient, Lower-Precision AI Training",https://developer.nvidia.com/blog/floating-point-8-an-introduction-to-efficient-lower-precision-ai-training/,2025-06-04T16:27:37Z,"With the growth of large language models (LLMs), deep learning is advancing both model architecture design and computational efficiency. Mixed precision...","With the growth of large language models (LLMs), deep learning is advancing both model architecture design and computational efficiency. Mixed precision training, which strategically employs lower pr… [+12738 chars]",newsapi,2025-06-04 16:27:37+00:00
Databricks.com,Your 2025 Data + AI Summit Guide for the Tech Industry Experience,https://www.databricks.com/blog/your-2025-data-ai-summit-guide-tech-industry-experience,2025-06-04T16:26:57Z,"Welcome, Tech Innovators The world’s largest data and AI event is almost here! As your Industry Marketing Leader for Digital Natives, I’m excited to welcome","Welcome, Tech Innovators
The worlds largest data and AI event is almost here! As your Industry Marketing Leader for Digital Natives, Im excited to welcome you to Data + AI Summit 2025, June 912 in S… [+9468 chars]",newsapi,2025-06-04 16:26:57+00:00
The Conversation Africa,"We mapped 18,000 children’s playgrounds and revealed inequality across England",https://theconversation.com/we-mapped-18-000-childrens-playgrounds-and-revealed-inequality-across-england-252239,2025-06-04T16:25:55Z,"Our maps show some kids have nearer, bigger playgrounds than others.","Daxiao Productions / shutterstock
Outside of the home, public playgrounds are the most common places for children to play and the fundamental right of every child to play is even recognised in a UN … [+5812 chars]",newsapi,2025-06-04 16:25:55+00:00
Biztoc.com,Snowflake Just Hired 500 Sellers—Is This The Start Of A Full-Scale AI Land Grab?,https://biztoc.com/x/92ebea9cc45ed56b,2025-06-04T16:23:56Z,"JPMorgan analyst Mark R Murphy reiterated an Overweight rating on Snowflake (NYSE:SNOW) with a price target of $225 on Wednesday.
Murphy attended Snowflake’s Investor Day presentation in San Francisco, in conjunction with its annual Summit conference. Snowfla…","JPMorgan analyst Mark R Murphy reiterated an Overweight rating on Snowflake (NYSE:SNOW) with a price target of $225 on Wednesday.Murphy attended Snowflakes Investor Day presentation in San Francisco,… [+145 chars]",newsapi,2025-06-04 16:23:56+00:00
Hospitality Net,Hospitality Meets Real Estate: The Future of Working,https://www.hospitalitynet.org/opinion/4127517.html,2025-06-04T16:11:00Z,"In 2005, as part of the founding team of citizenM, I watched the concept of social lobbies come alive. Communal spaces where people felt connected, serviced, and productive. It was the first time I saw hospitality’s transformative power to embed itself into t…","In 2005, as part of the founding team of citizenM, I watched the concept of social lobbies come alive. Communal spaces where people felt connected, serviced, and productive. It was the first time I s… [+9388 chars]",newsapi,2025-06-04 16:11:00+00:00
Amazon.com,How climate tech startups are building foundation models with Amazon SageMaker HyperPod,https://aws.amazon.com/blogs/machine-learning/how-climate-tech-startups-are-building-foundation-models-with-amazon-sagemaker-hyperpod/,2025-06-04T16:07:46Z,"In this post, we show how climate tech startups are developing foundation models (FMs) that use extensive environmental datasets to tackle issues such as carbon capture, carbon-negative fuels, new materials design for microplastics destruction, and ecosystem …","Climate tech startups are companies that use technology and innovation to address the climate crisis, with a primary focus on either reducing greenhouse gas emissions or helping society adapt to clim… [+21416 chars]",newsapi,2025-06-04 16:07:46+00:00
Foreign Policy,How Will Revoking Chinese Student Visas Actually Work?,http://foreignpolicy.com/2025/06/04/china-student-visa-revocation-ccp-trump-state-rubio-universities/,2025-06-04T16:06:12Z,"Though the Trump administration hasn’t provided details, a rough estimate suggests a staggering impact.","On May 28, U.S. Secretary of State Marco Rubio announced that the United States would aggressively revoke visas for Chinese students, including those with connections to the Chinese Communist Party [… [+11425 chars]",newsapi,2025-06-04 16:06:12+00:00
Nvidia.com,How 1X Technologies’ Robots Are Learning to Lend a Helping Hand,https://blogs.nvidia.com/blog/1x-technologies-humanoids/,2025-06-04T16:00:22Z,"Humans learn the norms, values and behaviors of society from each other — and Bernt Børnich, founder and CEO of 1X Technologies, thinks robots should learn like this, too. “For robots to be truly intelligent and show nuances like being careful around your pet…","Humans learn the norms, values and behaviors of society from each other and Bernt Børnich, founder and CEO of 1X Technologies, thinks robots should learn like this, too.
For robots to be truly intel… [+2751 chars]",newsapi,2025-06-04 16:00:22+00:00
Capital.news,Big brands bail on gays...,https://capital.news/p/big-brands-bail-on-pride,2025-06-04T16:00:03Z,,"Welcome back! 
Heres the most important news to kick off your morning: Elon Musks xAI launches a $5 billion debt sale aiming for a $113 billion valuation, the U.S. presses nations for top trade prop… [+14960 chars]",newsapi,2025-06-04 16:00:03+00:00
Vitalmtb.com,New Wireless Shimano XTR Di2 Six-Month Ride Review,https://www.vitalmtb.com/community/TEAMROBOT/blog/06/04/2025/entry/138731,2025-06-04T16:00:00Z,"Shimano makes its grand return to the electronic drivetrain world with its new XTR Di2 system that's wicked fast, sans-wires, backward compatible, and seriously robust.","After months of leaked manufacturer spec sheets, clandestine mystery photos, and Jackson Goldstone's winning brakes covered in electrical tape at Bielsko-Biaa and Loudenvielle, Shimano is finally rea… [+37329 chars]",newsapi,2025-06-04 16:00:00+00:00
Vitalmtb.com,Shimano Finally Goes Wireless | XTR Di2 Six Month Review,https://www.vitalmtb.com/features/its-about-damn-time-shimano-finally-goes-wireless-xtr-di2-six-month-review,2025-06-04T16:00:00Z,"Shimano makes its grand return to the electronic drivetrain world with its new XTR Di2 system that's wicked fast, sans-wires, backward compatible, and seriously robust.","After months of leaked manufacturer spec sheets, clandestine mystery photos, and Jackson Goldstone's winning brakes covered in electrical tape at Bielsko-Biaa and Loudenvielle, Shimano is finally rea… [+34957 chars]",newsapi,2025-06-04 16:00:00+00:00
PR Newswire UK,RavenDB Launches GenAI Capabilities Directly into the Operational Data Layer,https://www.prnewswire.co.uk/news-releases/ravendb-launches-genai-capabilities-directly-into-the-operational-data-layer-302473395.html,2025-06-04T16:00:00Z,"This new feature will turn the operational database into a powerful native AI engine, responding to the growing demand for engineering teams to deliver GenAI capabilities. HADERA, Israel and SANTA CLARA, Calif., June 4, 2025 /PRNewswire/ -- RavenDB, a high-pe…","This new feature will turn the operational database into a powerful native AI engine, responding to the growing demand for engineering teams to deliver GenAI capabilities.
HADERA, Israel and SANTA C… [+4148 chars]",newsapi,2025-06-04 16:00:00+00:00
Pypi.org,nvidia-vlmeval added to PyPI,https://pypi.org/project/nvidia-vlmeval/,2025-06-04T15:59:18Z,OpenCompass VLM Evaluation Kit - packaged by NVIDIA,"NVIDIA Evals Factory
The goal of NVIDIA Evals Factory is to advance and refine state-of-the-art methodologies for model evaluation, and deliver them as modular evaluation packages (evaluation contai… [+7271 chars]",newsapi,2025-06-04 15:59:18+00:00
Martech.zone,"CMO MarTech Investments in 2025: AI, Automation, and Customer Experience",https://martech.zone/marketing-technology-investments/,2025-06-04T15:51:52Z,"As we reach the midpoint of 2025, the marketing technology (MarTech) landscape continues to evolve at a breakneck pace. For businesses, marketers, and sales leaders, understanding where Chief Marketing Officers (CMOs) are directing their technology budgets of…","As we reach the midpoint of 2025, the marketing technology (MarTech) landscape continues to evolve at a breakneck pace. For businesses, marketers, and sales leaders, understanding where Chief Marketi… [+7275 chars]",newsapi,2025-06-04 15:51:52+00:00
Forbes,How Data Clean Room Technology Can Show Marketing Impact,https://www.forbes.com/sites/meganpoinski/2025/06/04/how-data-clean-room-technology-can-show-marketing-impact/,2025-06-04T15:43:03Z,Kellanova Senior Director of Intelligence and Insights Louise Cotterill and Chief Growth Officer Charisse Hughes talk about their successful use of the tech.,"Last year, international food giant Kellanova (part of the company formerly known as Kellogg) was hoping to improve sales of its Special K cereal in the U.K. as competition increased. Their hypothesi… [+14291 chars]",newsapi,2025-06-04 15:43:03+00:00
Pypi.org,ragformance 0.1.97,https://pypi.org/project/ragformance/0.1.97/,2025-06-04T15:41:11Z,A library for generating dataset and evaluating these datasets on RAG based solutions,"A required part of this site couldnt load. This may be due to a browser
 extension, network issues, or browser settings. Please check your
 connection, disable any ad blockers, or try using a diffe… [+12 chars]",newsapi,2025-06-04 15:41:11+00:00
Techtarget.com,Agentic AI for networking: Catalyst or distraction?,https://www.techtarget.com/searchnetworking/opinion/Agentic-AI-for-networking-Catalyst-or-distraction,2025-06-04T15:33:00Z,"Though many networking platforms claim to be agentic, few truly are. Here's how to determine whether a platform is ‘agentic’ and what this AI wave means for IT.","AI is changing every aspect of IT, including enterprise networking.
In our recent research, Enterprise Strategy Group, now part of Omdia, found strong evidence that AI projects, and in particular th… [+8037 chars]",newsapi,2025-06-04 15:33:00+00:00
Esri.com,ArcGIS for Power BI join layer improvements,https://www.esri.com/arcgis-blog/products/power-bi/analytics/arcgis-for-power-bi-join-layer-improvements,2025-06-04T15:30:49Z,"Learn about the new and improved join layer interface and features (highlighting, appended fields, styling) using sample data and examples","ArcGIS for Power BI 2024.2 introduces several improvements to the join layer feature. These improvements include highlight interaction (in addition to filter), styling of the joined result layer, and… [+32638 chars]",newsapi,2025-06-04 15:30:49+00:00
CIO Dive,Beauty brands blend AI into operations,https://www.ciodive.com/news/cosmetic-brands-ELC-coty-ulta-AI-strategy-cost-savings-customize-productivity/749859/,2025-06-04T15:27:00Z,"The Estée Lauder Companies, Coty and Ulta Beauty are pushing forward on the technology to save costs, tailor communications and optimize forecasts.","Cosmetic giants are moving forward with AI plans this year against a challenging backdrop of shifting consumer spending patterns and evolving global trade policies. 
Three of the industrys largest p… [+5985 chars]",newsapi,2025-06-04 15:27:00+00:00
PR Newswire UK,Wall Street Targets Breakout Gold Producers as Bull Market Accelerates,https://www.prnewswire.co.uk/news-releases/wall-street-targets-breakout-gold-producers-as-bull-market-accelerates-302473379.html,2025-06-04T15:16:00Z,"NetworkNewsWire Editorial Coverage NEW YORK, June 4, 2025 /PRNewswire/ -- With gold soaring past $3,000 per ounce in May 2025 — outperforming NASDAQ, the S&P 500, and even bitcoin — Wall Street's attention is shifting. As U.S. debt-to-GDP climbs above 120% an…","NetworkNewsWire Editorial Coverage
NEW YORK, June 4, 2025 /PRNewswire/ -- With gold soaring past $3,000 per ounce in May 2025 outperforming NASDAQ, the S&amp;P 500, and even bitcoin Wall Street's at… [+21442 chars]",newsapi,2025-06-04 15:16:00+00:00
Thegradient.pub,AGI Is Not Multimodal,https://thegradient.pub/agi-is-not-multimodal/,2025-06-04T15:15:33Z,"""In projecting language back as the model for thought, we lose sight of the tacit embodied understanding that undergirds our intelligence."" –Terry Winograd

The recent successes of generative AI models have convinced some that AGI is imminent. While these mod…","""In projecting language back as the model for thought, we lose sight of the tacit embodied understanding that undergirds our intelligence."" Terry Winograd
The recent successes of generative AI model… [+25989 chars]",newsapi,2025-06-04 15:15:33+00:00
Nvidia.com,NVIDIA Blackwell Delivers Breakthrough Performance in Latest MLPerf Training Results,https://blogs.nvidia.com/blog/blackwell-performance-mlperf-training/,2025-06-04T15:00:43Z,NVIDIA is working with companies worldwide to build out AI factories — speeding the training and deployment of next-generation AI applications that use the latest advancements in training and inference. The NVIDIA Blackwell architecture is built to meet the h…,NVIDIA is working with companies worldwide to build out AI factories speeding the training and deployment of next-generation AI applications that use the latest advancements in training and inference… [+2955 chars],newsapi,2025-06-04 15:00:43+00:00
Esa.int,Tall ship brings ESA ocean science training to Nice,https://www.esa.int/Applications/Observing_the_Earth/FutureEO/Tall_ship_brings_ESA_ocean_science_training_to_Nice,2025-06-04T14:50:00Z,"After an extraordinary six-week voyage from northern Norway, the iconic Norwegian tall ship Statsraad Lehmkuhl has docked in Nice, France, concluding ESA’s 2025 Advanced Ocean Training course. Braving everything from wild storms to calm near-freezing seas, st…","Applications04/06/202537 views0 likes
After an extraordinary six-week voyage from northern Norway, the iconic Norwegian tall ship Statsraad Lehmkuhl has docked in Nice, France, concluding ESAs 2025 … [+4404 chars]",newsapi,2025-06-04 14:50:00+00:00
SiliconANGLE News,Snowflake and Meta team up to drive model innovation on Cortex AI,https://siliconangle.com/2025/06/04/snowflake-meta-large-language-models-cortex-ai-snowflakesummit/,2025-06-04T14:48:26Z,"In April, Snowflake Inc. announced that it would bring Meta Platforms Inc.’s Llama 4 large language models to Snowflake’s Cortex AI. The models, trained with large amounts of unlabeled text, image and video data, were designed to accommodate a wide range of u…","In April, Snowflake Inc. announced that it would bring Meta Platforms Inc.s Llama 4 large language models to Snowflakes Cortex AI. The models, trained with large amounts of unlabeled text, image and … [+3465 chars]",newsapi,2025-06-04 14:48:26+00:00
Acm.org,Homomorphic Technologies Could Process Still-Encrypted Data,http://cacm.acm.org/news/homomorphic-technologies-could-process-still-encrypted-data/,2025-06-04T14:44:34Z,Fully homomorphic encryption could stave off the security threats quantum computers pose to current encryption techniques.,"Imagine a home security safe with a valuable necklace locked up inside. The owner wants to add a diamond to the pendant, but doesnt want to open the door.
That would be impossible.
Yet in a crude a… [+13642 chars]",newsapi,2025-06-04 14:44:34+00:00
GlobeNewswire,Nasdaq Launches Exclusive Access to Nasdaq Private Market’s Tape D® API to Deliver Advanced Visibility into Private Markets,https://www.globenewswire.com/news-release/2025/06/04/3093742/6948/en/Nasdaq-Launches-Exclusive-Access-to-Nasdaq-Private-Market-s-Tape-D-API-to-Deliver-Advanced-Visibility-into-Private-Markets.html,2025-06-04T14:35:00Z,"Real-Time Private Company Dataset Offers Critical Pricing and Valuation Insights for Private Companies, Investors, and Advisors Real-Time Private Company Dataset Offers Critical Pricing and Valuation Insights for Private Companies, Investors, and Advisors","NEW YORK, June 04, 2025 (GLOBE NEWSWIRE) -- Nasdaq® (Nasdaq: NDAQ) announced today that the company has partnered with Nasdaq Private Market (NPM), a leading provider of secondary liquidity solutions… [+6578 chars]",newsapi,2025-06-04 14:35:00+00:00
Biztoc.com,Snowflake Is Rising After Its Investor Day. Why UBS Upgraded the Stock,https://biztoc.com/x/9e1645bb85dd13a3,2025-06-04T14:34:05Z,,"{ window.open(this.href, '_blank'); }, 200); return false;""&gt;Why did Trump double steel tariffs to 50%? { window.open(this.href, '_blank'); }, 200); return false;""&gt;How will doubled tariffs impac… [+686 chars]",newsapi,2025-06-04 14:34:05+00:00
BleepingComputer,Google: Hackers target Salesforce accounts in data extortion attacks,https://www.bleepingcomputer.com/news/security/google-hackers-target-salesforce-accounts-in-data-extortion-attacks/,2025-06-04T14:11:12Z,Google has observed hackers claiming to be the ShinyHunters extortion group conducting social engineering attacks against multi-national companies to steal data from organization's Salesforce platforms. [...],Google has observed hackers claiming to be the ShinyHunters extortion group conducting social engineering attacks against multi-national companies to steal data from organizations' Salesforce platfor… [+4484 chars],newsapi,2025-06-04 14:11:12+00:00
The Times of India,"Only 8 pc GCCs advanced significantly across innovation, market advantage, efficiency: BCG report",https://economictimes.indiatimes.com/news/economy/indicators/only-8-pc-gccs-advanced-significantly-across-innovation-market-advantage-efficiency-bcg-report/articleshow/121626193.cms,2025-06-04T14:04:44Z,"A BCG report reveals that only 8% of Global Capability Centers (GCCs) significantly drive innovation, differentiation, and efficiency. India, the US, and Mexico lead as balanced ecosystems, with India excelling in scale, innovation, and efficiency. The report…","Only 8 per cent of Global Capability Centres (GCCs) have advanced significantly across the three dimensions key to enterprise value - innovation, competitive differentiation and operational efficienc… [+1948 chars]",newsapi,2025-06-04 14:04:44+00:00
GlobeNewswire,"Cloud Data Warehouse Market is expected to reach USD 58 billion by 2034, driven by a 12.5% CAGR and rising cloud use | Exactitude Consultancy",https://www.globenewswire.com/news-release/2025/06/04/3093705/0/en/Cloud-Data-Warehouse-Market-is-expected-to-reach-USD-58-billion-by-2034-driven-by-a-12-5-CAGR-and-rising-cloud-use-Exactitude-Consultancy.html,2025-06-04T14:03:00Z,Cloud Data Warehouse Market Report 2025–2034 Cloud Data Warehouse Market Report 2025–2034,"Luton, Bedfordshire, United Kingdom, June 04, 2025 (GLOBE NEWSWIRE) -- Market Overview
The global cloud data warehouse market is on a strong growth trajectory, driven by the accelerating adoption of… [+23130 chars]",newsapi,2025-06-04 14:03:00+00:00
Plos.org,A novel rolling bearing fault detect method based on feature mode decomposition and subtraction-average-based optimizer,https://journals.plos.org/plosone/article?id=10.1371/journal.pone.0324739,2025-06-04T14:00:00Z,"Large rotating machinery is an essential piece of equipment in modern industry, playing a critical role in industrial production. However, the complex working environment complicates the extraction of fault-related information. This paper proposes a fault dia…","1 Introduction
As an important production equipment in modern industry, large rotating machinery often assumes a key role in aerospace, construction, railway, and other domains, and its failure will… [+36085 chars]",newsapi,2025-06-04 14:00:00+00:00
Plos.org,Spatial autocorrelation of environmental factors influencing dengue outbreaks using Moran’s I: A study from Nepal (2020–2023),https://journals.plos.org/plosone/article?id=10.1371/journal.pone.0324798,2025-06-04T14:00:00Z,"Background Dengue fever, a mosquito-borne viral infection caused by the dengue virus, has become a significant global public health concern, especially in tropical and subtropical regions. Nepal, with its diverse geography and climate, has witnessed a rapid e…","Trends of dengue cases in Nepal
This study analysed the incidence of dengue in Nepal from 2020 to 2023. The results indicated incidence rates of 0.185 per 10,000 population in 2020, 0.163 per 10,000… [+19458 chars]",newsapi,2025-06-04 14:00:00+00:00
Plos.org,Sociodemographic predictors of acute corneal hydrops in patients with unstable keratoconus,https://journals.plos.org/plosone/article?id=10.1371/journal.pone.0319132,2025-06-04T14:00:00Z,Objective To determine whether sociodemographic factors affect the outcomes of patients with unstable keratoconus.   Design Retrospective case control study.   Subjects All patients diagnosed with unstable keratoconus at Mass Eye and Ear between January 2016 …,"Abstract
Objective
To determine whether sociodemographic factors affect the outcomes of patients with unstable keratoconus.
Design
Retrospective case control study.
Subjects
All patients diagno… [+30015 chars]",newsapi,2025-06-04 14:00:00+00:00
Plos.org,Benchmarking inverse folding models for antibody CDR sequence design,https://journals.plos.org/plosone/article?id=10.1371/journal.pone.0324566,2025-06-04T14:00:00Z,"Antibody-based therapies are at the forefront of modern medicine, addressing diverse challenges across oncology, autoimmune diseases, infectious diseases, and beyond. The ability to design antibodies with enhanced functionality and specificity is critical for…","Abstract
Antibody-based therapies are at the forefront of modern medicine, addressing diverse challenges across oncology, autoimmune diseases, infectious diseases, and beyond. The ability to design … [+51827 chars]",newsapi,2025-06-04 14:00:00+00:00
Plos.org,Biased perceptions of public opinion don’t define echo chambers but reveal systematic differences in political awareness,https://journals.plos.org/plosone/article?id=10.1371/journal.pone.0324507,2025-06-04T14:00:00Z,Echo chambers are widely acknowledged as a feature of online discourse and current politics: a phenomenon arising when people selectively engage with like-minded others and are shielded from opposing ideas. Various studies have operationalized the concept thr…,"Abstract
Echo chambers are widely acknowledged as a feature of online discourse and current politics: a phenomenon arising when people selectively engage with like-minded others and are shielded fro… [+57137 chars]",newsapi,2025-06-04 14:00:00+00:00
Plos.org,Dating ancient manuscripts using radiocarbon and AI-based writing style analysis,https://journals.plos.org/plosone/article?id=10.1371/journal.pone.0323185,2025-06-04T14:00:00Z,"Determining by means of palaeography the chronology of ancient handwritten manuscripts such as the Dead Sea Scrolls is essential for reconstructing the evolution of ideas, but there is an almost complete lack of date-bearing manuscripts. To overcome this prob…","Abstract
Determining by means of palaeography the chronology of ancient handwritten manuscripts such as the Dead Sea Scrolls is essential for reconstructing the evolution of ideas, but there is an a… [+39881 chars]",newsapi,2025-06-04 14:00:00+00:00
Plos.org,Principal fitted component framework for robust support vector regression based on bounded loss: A simulation study with potential applications,https://journals.plos.org/plosone/article?id=10.1371/journal.pone.0321102,2025-06-04T14:00:00Z,"The inferential results regarding estimates of Support Vector Regression (SVR) are highly influenced by anomalies and ill-conditioned predictors. Excessive dimensions of data also make the model complex. To improve estimation accuracy, this paper introduces t…","1. Introduction
Principal Component Regression (PCR) [1,2] is a widely used technique to address the problem of multicollinearity within the framework of multiple linear regression. PCR is conducted… [+29728 chars]",newsapi,2025-06-04 14:00:00+00:00
Plos.org,Conservation of fish diversity in protected sites and adjacent fishing areas of the Southern Mexican Pacific Ocean,https://journals.plos.org/plosone/article?id=10.1371/journal.pone.0324155,2025-06-04T14:00:00Z,"The global decline in marine biodiversity is accelerating, prompting Mexico’s government to establish marine protected areas to regulate human activities. The objective of this study was to test whether there were differences in fish taxonomic and functional …","Abstract
The global decline in marine biodiversity is accelerating, prompting Mexicos government to establish marine protected areas to regulate human activities. The objective of this study was to … [+60306 chars]",newsapi,2025-06-04 14:00:00+00:00
Plos.org,Crop evapotranspiration and water productivity in Loess Plateau: A case study of Shanxi province based on SEBAL model,https://journals.plos.org/plosone/article?id=10.1371/journal.pone.0325350,2025-06-04T14:00:00Z,"This study focuses on Shanxi Province, located in the typical rain-fed agricultural region of the Loess Plateau, where farmland water reserves are limited and water scarcity is a significant challenge. To achieve stable and high grain yields while addressing …","Abstract
This study focuses on Shanxi Province, located in the typical rain-fed agricultural region of the Loess Plateau, where farmland water reserves are limited and water scarcity is a significan… [+40417 chars]",newsapi,2025-06-04 14:00:00+00:00
Plos.org,A detailed kinetic model of Eastern equine encephalitis virus replication in a susceptible host cell,https://journals.plos.org/ploscompbiol/article?id=10.1371/journal.pcbi.1013082,2025-06-04T14:00:00Z,"Author summary Eastern equine encephalitis virus (EEEV) is a positive-sense RNA virus transmitted via mosquitoes. It can cause lethal disease in humans with a high mortality rate, exceeding 30%. There are no licensed targeted treatments or vaccines currently …","Citation: Larkin CI, Dunn MD, Shoemaker JE, Klimstra WB, Faeder JR (2025) A detailed kinetic model of Eastern equine encephalitis virus replication in a susceptible host cell. PLoS Comput Biol 21(6):… [+89388 chars]",newsapi,2025-06-04 14:00:00+00:00
Plos.org,"Effects of cryotherapy on function, pain intensity, swelling, and dorsiflexion range of motion in acute ankle sprain: Protocol for the FROST randomised controlled trial",https://journals.plos.org/plosone/article?id=10.1371/journal.pone.0325456,2025-06-04T14:00:00Z,"Background Cryotherapy is a low-cost treatment option recommended by clinical practice guidelines in acute ankle sprain. However, the current quality of the evidence that supports cryotherapy is still unclear. New high-quality randomised controlled trials are…","Citation: Miranda J, Silva HJ, Correa FG, Figueiredo R, Fonseca G, Oliveira VG, et al. (2025) Effects of cryotherapy on function, pain intensity, swelling, and dorsiflexion range of motion in acute a… [+44780 chars]",newsapi,2025-06-04 14:00:00+00:00
Plos.org,Model parameterization of robotic systems through the bio-inspired optimization,https://journals.plos.org/plosone/article?id=10.1371/journal.pone.0325168,2025-06-04T14:00:00Z,"The accurate modeling of dynamic systems, particularly robotic ones, is crucial in the industry. It enables simulation-based approaches that facilitate various tasks without requiring the physical system, thereby reducing risks and costs. These approaches ran…","Introduction
Competition among industrial sectors generates new production and control system techniques that maximize processes efficiency and flexibility.
Developing a control strategy for an aut… [+88639 chars]",newsapi,2025-06-04 14:00:00+00:00
Plos.org,Towards sustainable solutions: Effective waste classification framework via enhanced deep convolutional neural networks,https://journals.plos.org/plosone/article?id=10.1371/journal.pone.0324294,2025-06-04T14:00:00Z,"As industrialization and the development of smart cities progress, effective waste collection, classification, and management have become increasingly vital. Recycling processes depend on accurately identifying and restoring waste materials to their original …","1 Introduction
Effective waste management poses a significant global challenge, as improper handling and disposal raise environmental, economic, and societal concerns. As emphasized by the World Ban… [+93002 chars]",newsapi,2025-06-04 14:00:00+00:00
Plos.org,"Validity and reliability of sprint force-velocity profiling in elite football: Comparison of MySprint, GPS, and radar devices",https://journals.plos.org/plosone/article?id=10.1371/journal.pone.0325611,2025-06-04T14:00:00Z,"The aims were to examine the validity and within-session inter-trial, intra- and interrater reliability of sprint force-velocity profiling (FVP) techniques in elite football. Twelve elite youth football players from an English Premier League academy participa…","Abstract
The aims were to examine the validity and within-session inter-trial, intra- and interrater reliability of sprint force-velocity profiling (FVP) techniques in elite football. Twelve elite y… [+41808 chars]",newsapi,2025-06-04 14:00:00+00:00
Plos.org,Dynamically weighted graph neural network for detection of early mild cognitive impairment,https://journals.plos.org/plosone/article?id=10.1371/journal.pone.0323894,2025-06-04T14:00:00Z,Alzheimer’s disease (AD) is a prevalent neurodegenerative disease that primarily affects the elderly population. The early detection of mild cognitive impairment (MCI) holds significant clinical importance for prompt intervention and treatment of AD. Currentl…,"Citation: Liu L, Li Y, Yang K (2025) Dynamically weighted graph neural network for detection of early mild cognitive impairment. PLoS One 20(6):
 e0323894.
https://doi.org/10.1371/journal.pone.0323… [+31399 chars]",newsapi,2025-06-04 14:00:00+00:00
Plos.org,"Sick building syndrome, multiple chemical sensitivity, and related factors: A cross-sectional analysis from the Japan Environment and Children’s Study",https://journals.plos.org/plosone/article?id=10.1371/journal.pone.0324562,2025-06-04T14:00:00Z,"Sick building syndrome (SBS) is caused by having unhealthy indoor environments. Multiple chemical sensitivity (MCS) is a chronic condition that is potentially triggered by low-level chemical exposure. Demographic factors, lifestyle factors, and comorbidities …","Abstract
Sick building syndrome (SBS) is caused by having unhealthy indoor environments. Multiple chemical sensitivity (MCS) is a chronic condition that is potentially triggered by low-level chemica… [+38569 chars]",newsapi,2025-06-04 14:00:00+00:00
Plos.org,The effects of learning experience on college students’ deep english learning: a study of the chain mediation effect of motivation and strategy,https://journals.plos.org/plosone/article?id=10.1371/journal.pone.0325491,2025-06-04T14:00:00Z,"This study focuses on the impact of learning experience on college students’ deep learning of English and the chain-mediated effects of motivation and strategy. In the context of globalization, English is crucial for university students, but traditional teach…","Abstract
This study focuses on the impact of learning experience on college students deep learning of English and the chain-mediated effects of motivation and strategy. In the context of globalizati… [+37744 chars]",newsapi,2025-06-04 14:00:00+00:00
Plos.org,Prediction and accuracy improvement of insulin pump in-fusion deviation based on LSTM and PID,https://journals.plos.org/plosone/article?id=10.1371/journal.pone.0324261,2025-06-04T14:00:00Z,"In order to further improve the injection precision of the PH300 insulin pump, this paper optimizes and improves the mechanical structure and control algorithm of the PH300. The improved PH300 uses a proportional-integral-derivative controller based on back p…","Citation: Wang L, Guo X, Peng Q, Zhang H, Yang Y, Wang H, et al. (2025) Prediction and accuracy improvement of insulin pump in-fusion deviation based on LSTM and PID. PLoS One 20(6):
 e0324261.
htt… [+47971 chars]",newsapi,2025-06-04 14:00:00+00:00
Plos.org,Impact of window design on the lighting environment of GAP-certified naturally illuminated broiler houses,https://journals.plos.org/plosone/article?id=10.1371/journal.pone.0325420,2025-06-04T14:00:00Z,"Recent changes in consumers’ desire for alternative rearing programs have prompted integrators to adopt varying fenestration designs in commercial broiler houses, most notably the inclusion of natural light (NL) via windows. The objectives of this study were …","Tunnel ventilation conditions
Mean light intensity and CV data is presented in Table 2. Whole-house mean light intensity in the 2SW design was higher than the 1SW design (33.0 lx vs 28.3 lx, respect… [+12904 chars]",newsapi,2025-06-04 14:00:00+00:00
Plos.org,Aripiprazole use and lowering the risk of breast cancer in patient with schizophrenia in a national cohort study,https://journals.plos.org/plosone/article?id=10.1371/journal.pone.0324257,2025-06-04T14:00:00Z,,"Introduction
Breast cancer stands as the most prevalent cancer among women globally, boasting a lifetime prevalence rate of approximately 12% [1]. Established risk factors for breast cancer include … [+24729 chars]",newsapi,2025-06-04 14:00:00+00:00
Plos.org,An empirically-based scenario for the evolution of cultural transmission in the human lineage during the last 3.3 million years,https://journals.plos.org/plosone/article?id=10.1371/journal.pone.0325059,2025-06-04T14:00:00Z,"Humans accumulate an ever-growing body of knowledge that far exceeds the capacity of any single individual or generation. Social learning and transmission are essential for this process. However, how cultural transmission strategies evolved in our lineage rem…","Introduction
Culture has long been considered a human-specific trait. It has been defined as information capable of affecting individuals behavior that they acquire from other members of their speci… [+100821 chars]",newsapi,2025-06-04 14:00:00+00:00
Plos.org,"Economic factors associated with county-level mental health – United States, 2019",https://journals.plos.org/plosone/article?id=10.1371/journal.pone.0300939,2025-06-04T14:00:00Z,A better understanding of whether and how economic factors impact mental health can inform policy and program decisions to improve mental health. This study looked at the association between county-level economic factors and the prevalence of self-reported po…,"Abstract
A better understanding of whether and how economic factors impact mental health can inform policy and program decisions to improve mental health. This study looked at the association betwee… [+47364 chars]",newsapi,2025-06-04 14:00:00+00:00
Plos.org,Identification of key genes and signaling pathways of liver cancer and model construction for prognosis and diagnosis based on bioinformatics analysis,https://journals.plos.org/plosone/article?id=10.1371/journal.pone.0325610,2025-06-04T14:00:00Z,"Objective This study aims to identify key genes, biomarkers, and associated signaling pathways involved in liver cancer progression by analyzing differentially expressed genes (DEGs) between normal and cancerous liver tissues, with the goal of establishing di…","Citation: Wei B, Zheng Y, Yu S, Wang A, Lyu X (2025) Identification of key genes and signaling pathways of liver cancer and model construction for prognosis and diagnosis based on bioinformatics anal… [+39923 chars]",newsapi,2025-06-04 14:00:00+00:00
Plos.org,The views of UK Chinese individuals towards living and deceased-donor kidney transplantation: A qualitative interview study,https://journals.plos.org/plosone/article?id=10.1371/journal.pone.0325665,2025-06-04T14:00:00Z,"The views of UK Chinese people towards transplantation and organ donation are not known. It is not known whether the perspectives of Chinese people living in the UK differ from those of Chinese people living elsewhere in the world, or whether perspectives of …","Citation: Beresford M, Wong K, Al-Talib M, Bailey PK (2025) The views of UK Chinese individuals towards living and deceased-donor kidney transplantation: A qualitative interview study. PLoS One 20(6)… [+34209 chars]",newsapi,2025-06-04 14:00:00+00:00
Plos.org,Breast cancer screening practices during a multifaceted crisis: Data from Lebanon,https://journals.plos.org/plosone/article?id=10.1371/journal.pone.0325604,2025-06-04T14:00:00Z,"Public health efforts towards breast cancer (BC) prevention have been largely absent from healthcare planning in modern-day Lebanon. Mammography screening campaigns have been present since 2002, but their implementation has been inconsistent in terms of prici…","Abstract
Public health efforts towards breast cancer (BC) prevention have been largely absent from healthcare planning in modern-day Lebanon. Mammography screening campaigns have been present since … [+44040 chars]",newsapi,2025-06-04 14:00:00+00:00
Plos.org,MAGNET-seq: A tandem PCR and hybrid capture method for enhanced target enrichment,https://journals.plos.org/plosone/article?id=10.1371/journal.pone.0325385,2025-06-04T14:00:00Z,"Hybrid-capture based target enrichment and multiplex PCR methods enhance sequencing efficiency by focusing on specific genomic regions, while struggling to enrich tens of regions spanning hundreds to thousands of base pairs. We developed MAGNET-seq (Multiplex…","Abstract
Hybrid-capture based target enrichment and multiplex PCR methods enhance sequencing efficiency by focusing on specific genomic regions, while struggling to enrich tens of regions spanning h… [+56199 chars]",newsapi,2025-06-04 14:00:00+00:00
Plos.org,Does population agglomeration of urban clusters boost total factor productivity of enterprises? Evidence from listed companies in China,https://journals.plos.org/plosone/article?id=10.1371/journal.pone.0325703,2025-06-04T14:00:00Z,"Introduction The role of agglomeration economics in enhancing productivity is well-recognized, yet the influence of population agglomeration of urban clusters on Total Factor Productivity (TFP) within the enterprises of the agglomerates remains a relatively u…","Abstract
Introduction
The role of agglomeration economics in enhancing productivity is well-recognized, yet the influence of population agglomeration of urban clusters on Total Factor Productivity … [+81896 chars]",newsapi,2025-06-04 14:00:00+00:00
Plos.org,Genomic characterization of vancomycin-resistant enterococci in Norwegian poultry,https://journals.plos.org/plosone/article?id=10.1371/journal.pone.0324789,2025-06-04T14:00:00Z,"Vancomycin resistant enterococci (VRE) are a globally leading cause of nosocomial infections in humans, and a potential animal VRE reservoir, especially in poultry, is of concern. It has been suggested that the presence of VRE in broilers has been prolonged d…","Citation: Frederiksen RF, Urdahl AM, Slettemeås JS, Granstad S, Simm R, Lagesen K (2025) Genomic characterization of vancomycin-resistant enterococci in Norwegian poultry. PLoS One 20(6):
 e0324789.… [+42566 chars]",newsapi,2025-06-04 14:00:00+00:00
Plos.org,FM3VCF: A software library for accelerating the loading of large VCF files in genotype data analyses,https://journals.plos.org/plosone/article?id=10.1371/journal.pone.0324430,2025-06-04T14:00:00Z,"The increasing size of genotype data has led to the loading of VCF files becoming a computational bottleneck in various analyses, including imputation and genome-wide association studies (GWAS). To address this issue, we developed a software library, FM3VCF (…","Abstract
The increasing size of genotype data has led to the loading of VCF files becoming a computational bottleneck in various analyses, including imputation and genome-wide association studies (G… [+30105 chars]",newsapi,2025-06-04 14:00:00+00:00
Plos.org,"Large, regionally variable shifts in diatom and dinoflagellate biomass in the North Atlantic over six decades",https://journals.plos.org/plosone/article?id=10.1371/journal.pone.0323675,2025-06-04T14:00:00Z,The North Atlantic Ocean has large seasonal blooms rich in diatoms and dinoflagellates which can contribute disproportionately relative to other primary producers to export production and transfer of resources up the food web. Here we analyze data from the Co…,"Abstract
The North Atlantic Ocean has large seasonal blooms rich in diatoms and dinoflagellates which can contribute disproportionately relative to other primary producers to export production and t… [+65390 chars]",newsapi,2025-06-04 14:00:00+00:00
Plos.org,Gender disparities in bladder cancer: A population-based study on life expectancy and health spending in Asia,https://journals.plos.org/plosone/article?id=10.1371/journal.pone.0323803,2025-06-04T14:00:00Z,"Background The aim of this study was to elucidate the disparities in life expectancy, loss-of-life expectancy, and lifetime medical expenditure between sexes in patients with bladder cancer.   Methods In this retrospective study, we used three Taiwanese datab…","Citation: Li YH, Ou Y-C, Tung MC, Lin YS, Yang YC, Chiu YM, et al. (2025) Gender disparities in bladder cancer: A population-based study on life expectancy and health spending in Asia. PLoS One 20(6)… [+34071 chars]",newsapi,2025-06-04 14:00:00+00:00
Plos.org,"Characteristics, Post-exposure prophylaxis usage, and clinical features of Chinese human rabies cases, 2016–2020",https://journals.plos.org/plosntds/article?id=10.1371/journal.pntd.0013089,2025-06-04T14:00:00Z,"Author summary Rabies remains a significant public health challenge in China, with 202 human deaths reported in 2020. Domestic dogs are the primary source of human rabies cases, but vaccination rates among these animals are low. This study analyzes 1,733 huma…","Citation: Ren Q, Chen N, Mu D, Zhu M-T, Shi Q-N, Zhou S-J, et al. (2025) Characteristics, Post-exposure prophylaxis usage, and clinical features of Chinese human rabies cases, 20162020. PLoS Negl Tro… [+27281 chars]",newsapi,2025-06-04 14:00:00+00:00
Plos.org,The Pseudomonas aeruginosa Tse4 toxin assembles ion-selective and voltage-sensitive ion channels to couple membrane depolarization with K+ efflux,https://journals.plos.org/plospathogens/article?id=10.1371/journal.ppat.1012981,2025-06-04T14:00:00Z,Author summary Pseudomonas aeruginosa is an opportunistic bacterial pathogen known for its sophisticated strategies to dominate its environment and outcompete rival bacteria. One key strategy involves injecting toxic proteins into competing bacteria using the…,"Citation: Rojas-Palomino J, Velázquez C, Altuna-Alvarez J, González-Magaña A, Zabala-Zearreta M, Müller M, et al. (2025) The Pseudomonas aeruginosa Tse4 toxin assembles ion-selective and voltage-sens… [+47371 chars]",newsapi,2025-06-04 14:00:00+00:00
Plos.org,DeepDeconUQ estimates malignant cell fraction prediction intervals in bulk RNA-seq tissue,https://journals.plos.org/ploscompbiol/article?id=10.1371/journal.pcbi.1013133,2025-06-04T14:00:00Z,"Author summary Accurately determining the proportion of malignant cells in tumor tissues is crucial for cancer diagnosis and treatment planning. Current methods often provide single estimates without indicating the uncertainty, which can lead to overconfidenc…","Methods overview
Fig 1 provides a schematic representation of DeepDeconUQ. The framework begins with single-cell RNA sequencing (scRNA-seq) datasets, where the cells from each subject are assumed to… [+14992 chars]",newsapi,2025-06-04 14:00:00+00:00
Plos.org,Spatiotemporal dynamics of northern Caspian shorelines (1985–2023) and implications for coastal management: Lessons from the Aral Sea,https://journals.plos.org/plosone/article?id=10.1371/journal.pone.0325546,2025-06-04T14:00:00Z,"Dynamic changes to the northern Caspian Sea shoreline have significant ecological implications, including impacts to biodiversity and the surrounding environment. This study employs Landsat datasets, historical records, and geographic information systems (GIS…","Abstract
Dynamic changes to the northern Caspian Sea shoreline have significant ecological implications, including impacts to biodiversity and the surrounding environment. This study employs Landsat… [+54993 chars]",newsapi,2025-06-04 14:00:00+00:00
Plos.org,Anxiolysis for laceration repair in children: study protocol for an open-label multicenter adaptive trial (ALICE),https://journals.plos.org/plosone/article?id=10.1371/journal.pone.0324515,2025-06-04T14:00:00Z,"Background Lacerations are the most common traumatic reason for children to visit an emergency department (ED), accounting for almost half of all procedures performed. Children experience considerable distress during laceration repair, despite routine applica…","Citation: Poonai N, Arthur-Hayward V, Ali S, Sabhaney V, Doan Q, Trottier E, et al. (2025) Anxiolysis for laceration repair in children: study protocol for an open-label multicenter adaptive trial (A… [+41030 chars]",newsapi,2025-06-04 14:00:00+00:00
Plos.org,Global burden and regional disparities of rheumatoid arthritis among the working-age population: A comprehensive analysis from 1990 to 2021 with projections to 2040,https://journals.plos.org/plosone/article?id=10.1371/journal.pone.0325127,2025-06-04T14:00:00Z,"Objective To evaluate the age-standardized incidence (ASIR), prevalence (ASPR), death (ASDR), and disability-adjusted life year (DALY) rates of rheumatoid arthritis (RA) among the working-age population from 1990 to 2021.   Methods The data is sourced from th…","Introduction
Rheumatoid arthritis (RA) is a prevalent autoimmune disorder causing chronic, symmetrical joint inflammation, leading to cartilage and bone damage and impaired joint function [1]. Beyon… [+37957 chars]",newsapi,2025-06-04 14:00:00+00:00
Pypi.org,aimmspy 1.0.1.post37,https://pypi.org/project/aimmspy/1.0.1.post37/,2025-06-04T13:55:00Z,"Python bindings for the AIMMS optimization platform, built with pybind11 for seamless C++ integration. Enables efficient data exchange and interaction with AIMMS projects using pandas, polars, and pyarrow. Ideal for advanced optimization workflows requiring h…","A required part of this site couldnt load. This may be due to a browser
 extension, network issues, or browser settings. Please check your
 connection, disable any ad blockers, or try using a diffe… [+12 chars]",newsapi,2025-06-04 13:55:00+00:00
Biztoc.com,This Snowflake Analyst Turns Bullish; Here Are Top 5 Upgrades For Wednesday,https://biztoc.com/x/889bb60f90111211,2025-06-04T13:49:40Z,"Top Wall Street analysts changed their outlook on these top names. For a complete view of all analyst rating changes, including upgrades, downgrades and initiations, please see our analyst ratings page.
HC Wainwright & Co. analyst Emily Bodnar upgraded the ra…","Top Wall Street analysts changed their outlook on these top names. For a complete view of all analyst rating changes, including upgrades, downgrades and initiations, please see our analyst ratings pa… [+146 chars]",newsapi,2025-06-04 13:49:40+00:00
Pypi.org,mct-nightly 2.4.0.20250604.134822,https://pypi.org/project/mct-nightly/2.4.0.20250604.134822/,2025-06-04T13:48:24Z,A Model Compression Toolkit for neural networks,"A required part of this site couldnt load. This may be due to a browser
 extension, network issues, or browser settings. Please check your
 connection, disable any ad blockers, or try using a diffe… [+12 chars]",newsapi,2025-06-04 13:48:24+00:00
Securityaffairs.com,HPE fixed multiple flaws in its StoreOnce software,https://securityaffairs.com/178629/security/hpe-fixed-multiple-flaws-in-its-storeonce-software.html,2025-06-04T13:29:26Z,"Hewlett Packard Enterprise (HPE) addressed multiple flaws in its StoreOnce data backup and deduplication solution. HPE has released security patches for eight vulnerabilities in its StoreOnce backup solution. These issues could allow remote code execution, au…","HPE fixed multiple flaws in its StoreOnce software
 | Roundcube Webmail under fire: critical exploit found after a decade
 | Cartier disclosed a data breach following a cyber attack
 | U.S. CISA a… [+169807 chars]",newsapi,2025-06-04 13:29:26+00:00
GlobeNewswire,"Data Converter Market Size to Grow USD 9.40 Billion by 2032, Driven by Growing Demand for High-speed Data Processing | SNS Insider",https://www.globenewswire.com/news-release/2025/06/04/3093634/0/en/Data-Converter-Market-Size-to-Grow-USD-9-40-Billion-by-2032-Driven-by-Growing-Demand-for-High-speed-Data-Processing-SNS-Insider.html,2025-06-04T13:15:00Z,"Data Converter Market growth is driven by 5G expansion, IoT proliferation, AI integration, and demand for high-speed, low-power ADCs and DACs across industries. Data Converter Market growth is driven by 5G expansion, IoT proliferation, AI integration, and dem…","Austin, June 04, 2025 (GLOBE NEWSWIRE) -- Data Converter Market Size &amp; Growth Insights:
According to the SNS Insider,The Data Converter Market
 size was valued at 5.80 Billion in 2024 and is pr… [+6626 chars]",newsapi,2025-06-04 13:15:00+00:00
Forbes,"Programmatic Curation: Fact, Fiction And Future",https://www.forbes.com/councils/forbestechcouncil/2025/06/04/programmatic-curation-fact-fiction-and-future/,2025-06-04T13:15:00Z,Let's set the record straight on what curation is and what it isn’t.,"Drew Stein is the CEO and cofounder of Audigent.
getty
Over the past several years, curation has become one of the biggest topics in advertising. Brands and agencies now spend 66% of the $150 billi… [+6845 chars]",newsapi,2025-06-04 13:15:00+00:00
Yahoo Entertainment,UBS upgrades Snowflake on signs of sustained data infrastructure investment,https://consent.yahoo.com/v2/collectConsent?sessionId=1_cc-session_3c65a112-6cbf-4d50-b732-81670da045c4,2025-06-04T13:09:39Z,,"If you click 'Accept all', we and our partners, including 241 who are part of the IAB Transparency &amp; Consent Framework, will also store and/or access information on a device (in other words, use … [+714 chars]",newsapi,2025-06-04 13:09:39+00:00
Yahoo Entertainment,Any near-term weakness in S&P 500 would provide a “buy the dip” opportunity: JPM,https://finance.yahoo.com/news/near-term-weakness-p-500-130922183.html,2025-06-04T13:09:22Z,"Investing.com -- JPMorgan analysts said in a note Wednesday that while the recent equity market rebound has lost momentum, any short-term pullback in large...","Investing.com -- JPMorgan analysts said in a note Wednesday that while the recent equity market rebound has lost momentum, any short-term pullback in large-cap stocks should be viewed as a buy the di… [+1644 chars]",newsapi,2025-06-04 13:09:22+00:00
Longnow.org,The Codes AI Can't Crack,https://longnow.org/ideas/the-codes-ai-cant-crack/,2025-06-04T12:41:15Z,Artificial intelligence is revolutionizing our understanding of ancient history — but human ingenuity remains key.,"It was October 02019, and Thea Sommerschield had hit a wall. She was working on her doctoral thesis in ancient history at Oxford, which involved deciphering Greek inscriptions that were carved on sto… [+15857 chars]",newsapi,2025-06-04 12:41:15+00:00
Forbes,The Compliance Challenge: Why Some Businesses Still Can’t Quit Faxing,https://www.forbes.com/councils/forbescommunicationscouncil/2025/06/04/the-compliance-challenge-why-some-businesses-still-cant-quit-faxing/,2025-06-04T12:30:00Z,"Here we are in 2025, and rather than seeing the fax as a relic of a less rushed, pre-digital time, new online fax services are proliferating.","Tamsin Gable is the head of PR at Municorn.
getty
Its a common misconception in almost any situation that whenever a new technology comes along, it replaces the entrenched, conventional one. Surely… [+5398 chars]",newsapi,2025-06-04 12:30:00+00:00
Intego.com,How Do I Stop Websites from Tracking Me on Safari?,https://www.intego.com/mac-security-blog/how-do-i-stop-websites-from-tracking-me-on-safari/,2025-06-04T12:13:57Z,"If it feels like websites know a little too much about you, you’re not imagining things. Every time you click a link, scroll through a page, or watch a video, chances are someone is watching — not a person, but a tracking script. These digital trackers gather…","Security &amp; Privacy
Posted on
 June 4th, 2025 by
Shira Stieglitz
If it feels like websites know a little too much about you, you’re not imagining things. Every time you click a link, scroll th… [+14797 chars]",newsapi,2025-06-04 12:13:57+00:00
Kdnuggets.com,10 Generative AI Key Concepts Explained,https://www.kdnuggets.com/10-generative-ai-key-concepts-explained,2025-06-04T12:00:34Z,"In this article we explore 10 generative AI concepts that are key to understanding, whether you are an engineer, user, or consumer of generative AI.","Image by Editor | Midjourney &amp; Canva
Introduction
 Generative AI wasn't something heard about a few years back, but it has quickly replaced deep learning as one of AI's hottest buzzwords. It is… [+10110 chars]",newsapi,2025-06-04 12:00:34+00:00
Bitcoinist,Best AI Cryptos to Buy as Meta Turns to Nuclear Energy for AI Innovations,https://bitcoinist.com/best-ai-cryptos-to-buy-as-meta-leans-into-ai/,2025-06-04T11:51:07Z,"Meta has signed a 20-year deal to power its AI with nuclear energy from Illinois, locking in 1.1 gigawatts for clearer, more reliable infrastructure. Meanwhile, former Microsoft engineers Karim Jouini and Jihed Othmani are back in the AI scene with Thunder Co…","Meta has signed a 20-year deal to power its AI with nuclear energy from Illinois, locking in 1.1 gigawatts for clearer, more reliable infrastructure.
Meanwhile, former Microsoft engineers Karim Joui… [+7040 chars]",newsapi,2025-06-04 11:51:07+00:00
Forbes,How Employers Can Forecast – And Mitigate – The Overlooked Business Costs Of Climate,https://www.forbes.com/sites/billfrist/2025/06/04/how-employers-can-forecast--and-mitigate--the-overlooked-business-costs-of-climate/,2025-06-04T11:42:11Z,"The Climate Health Cost Forecaster is a first-of-its-kind tool that converts extreme heat, smoke, floods, and hurricanes into CFO-ready figures across any zip code.","Throughout my work as a surgeon and a U.S. senator, I have focused on practical solutions that keep people healthy, safe and resilient, that are firmly backed by data. Today, I see a new data-driven … [+5974 chars]",newsapi,2025-06-04 11:42:11+00:00
Securityaffairs.com,Roundcube Webmail under fire: critical exploit found after a decade,https://securityaffairs.com/178615/hacking/roundcube-webmail-under-fire-critical-exploit-found-after-a-decade.html,2025-06-04T11:35:54Z,"A critical flaw in Roundcube webmail, undetected for 10 years, allows attackers to take over systems and execute arbitrary code. A critical flaw, tracked as CVE-2025-49113 (CVSS score of 9.9) has been discovered in the Roundcube webmail software. The vulnerab…","Roundcube Webmail under fire: critical exploit found after a decade
 | Cartier disclosed a data breach following a cyber attack
 | U.S. CISA adds ASUS RT-AX55 devices, Craft CMS, and ConnectWise Sc… [+169752 chars]",newsapi,2025-06-04 11:35:54+00:00
Thefly.com,"Snowflake price target raised by $20 at Mizuho, here's why",https://thefly.com/permalinks/entry.php/id4140649/SNOW-Snowflake-price-target-raised-by--at-Mizuho-heres-why,2025-06-04T11:35:51Z,"See the rest of the story here.

thefly.com provides the latest financial news as it breaks. Known as a leader in market intelligence, The Fly's real-time, streaming news feed keeps individual investors, professional money managers, active traders, and corpor…","Earnings calls, analyst events, roadshows and more",newsapi,2025-06-04 11:35:51+00:00
Thefly.com,"Snowflake price target raised by $25 at Loop Capital, here's why",https://thefly.com/permalinks/entry.php/id4140633/SNOW-Snowflake-price-target-raised-by--at-Loop-Capital-heres-why,2025-06-04T11:32:17Z,"See the rest of the story here.

thefly.com provides the latest financial news as it breaks. Known as a leader in market intelligence, The Fly's real-time, streaming news feed keeps individual investors, professional money managers, active traders, and corpor…","Earnings calls, analyst events, roadshows and more",newsapi,2025-06-04 11:32:17+00:00
Esri.com,Esri’s World Elevation 3D and Hillshade Layers Updates including Maxar’s Precision3D (June 2025),https://www.esri.com/arcgis-blog/products/arcgis-living-atlas/announcements/esris-world-elevation-3d-and-hillshade-updates-including-maxars-precision3d-june-2025,2025-06-04T11:00:44Z,"In June 2025, Esri's Elevation 3D & Hillshade layers are enhanced using new Maxar’s Precision3D data along with lidar from Germany, Austria, USA and Canada.","ArcGIS Living Atlas provide foundational elevation layers for all ArcGIS users to consume in their maps, scenes, and applications. Terrain3D is a default global elevation surface in scenes in clients… [+2551 chars]",newsapi,2025-06-04 11:00:44+00:00
Vulture,Everyone Is Already Using AI (And Hiding It),http://www.vulture.com/article/generative-ai-hollywood-movies-tv.html,2025-06-04T11:00:29Z,"With dozens of new studios and rapidly evolving tech, generative AI video is more embedded in Hollywood movies and TV than we may realize.","One recent evening on the Eastside of Los Angeles, a couple hundred people gathered in a cavernous old soundstage to celebrate the arrival of a new AI studio one of the nearly 100 now operating in Ho… [+28078 chars]",newsapi,2025-06-04 11:00:29+00:00
Biztoc.com,Snowflake's Smart $250 Million Acquisition,https://biztoc.com/x/2b2f32cff762b5ab,2025-06-04T10:51:35Z,"In This Article:
Key Points
-
Snowflake is acquiring Postgres provider Crunchy Data for $250 million.
-
The deal will bring the popular database software directly to Snowflake's platform.
-
This follows a deal from competitor Databricks to acquire Neon, anoth…",In This Article:Key Points-Snowflake is acquiring Postgres provider Crunchy Data for $250 million.-The deal will bring the popular database software directly to Snowflake's platform.-This follows a d… [+127 chars],newsapi,2025-06-04 10:51:35+00:00
Pypi.org,molgraph 0.9.0,https://pypi.org/project/molgraph/0.9.0/,2025-06-04T10:40:43Z,Graph Neural Networks for Molecular Machine Learning,"A required part of this site couldnt load. This may be due to a browser
 extension, network issues, or browser settings. Please check your
 connection, disable any ad blockers, or try using a diffe… [+12 chars]",newsapi,2025-06-04 10:40:43+00:00
Techtarget.com,"Snowflake continues to add AI, boost Cortex capabilities",https://www.techtarget.com/searchdatamanagement/news/366625218/Snowflake-continues-to-add-AI-boost-Cortex-capabilities,2025-06-04T10:26:00Z,"Features that enable users to develop agents, coupled with the integration of agentic capabilities into the vendor's own platform, show the vendor's growth beyond data management.","SAN FRANCISCO -- As recently as two years ago, Snowflake's Cortex environment for AI development didn't exist, and the vendor's plans for generative AI were nascent.
OpenAI's November 2022 launch of… [+11502 chars]",newsapi,2025-06-04 10:26:00+00:00
Pypi.org,aimmspy 1.0.1.post36,https://pypi.org/project/aimmspy/1.0.1.post36/,2025-06-04T10:14:06Z,"Python bindings for the AIMMS optimization platform, built with pybind11 for seamless C++ integration. Enables efficient data exchange and interaction with AIMMS projects using pandas, polars, and pyarrow. Ideal for advanced optimization workflows requiring h…","A required part of this site couldnt load. This may be due to a browser
 extension, network issues, or browser settings. Please check your
 connection, disable any ad blockers, or try using a diffe… [+12 chars]",newsapi,2025-06-04 10:14:06+00:00
Pypi.org,aimmspy 1.0.1.post33,https://pypi.org/project/aimmspy/1.0.1.post33/,2025-06-04T09:35:40Z,"Python bindings for the AIMMS optimization platform, built with pybind11 for seamless C++ integration. Enables efficient data exchange and interaction with AIMMS projects using pandas, polars, and pyarrow. Ideal for advanced optimization workflows requiring h…","A required part of this site couldnt load. This may be due to a browser
 extension, network issues, or browser settings. Please check your
 connection, disable any ad blockers, or try using a diffe… [+12 chars]",newsapi,2025-06-04 09:35:40+00:00
Securityaffairs.com,U.S. CISA adds Multiple Qualcomm chipsets flaws to its Known Exploited Vulnerabilities catalog,https://securityaffairs.com/178610/hacking/u-s-cisa-adds-multiple-qualcomm-chipsets-flaws-to-its-known-exploited-vulnerabilities-catalog.html,2025-06-04T09:16:31Z,U.S. Cybersecurity and Infrastructure Security Agency (CISA) adds Multiple Qualcomm chipsets flaws to its Known Exploited Vulnerabilities catalog. The U.S. Cybersecurity and Infrastructure Security Agency (CISA) added multiple Qualcomm chipsets flaws to its K…,"Cartier disclosed a data breach following a cyber attack
 | U.S. CISA adds ASUS RT-AX55 devices, Craft CMS, and ConnectWise ScreenConnect flaws to its Known Exploited Vulnerabilities catalog
 | And… [+169680 chars]",newsapi,2025-06-04 09:16:31+00:00
Financial Post,"Smarsh Unveils Major Platform Innovations, Next-Gen AI and Robust APIs for Smarter Financial Oversight",https://financialpost.com/pmn/business-wire-news-releases-pmn/smarsh-unveils-major-platform-innovations-next-gen-ai-and-robust-apis-for-smarter-financial-oversight,2025-06-04T09:05:41Z,"Harnessing AI, New Platform Innovations Turn Data Chaos into Compliance Confidence PORTLAND, Ore. — Smarsh®, the global leader in communications data and intelligence, today announced significant advancements to its industry-leading platform, including cuttin…","Harnessing AI, New Platform Innovations Turn Data Chaos into Compliance Confidence
THIS CONTENT IS RESERVED FOR SUBSCRIBERS ONLY
Subscribe now to read the latest news in your city and across Canada… [+7797 chars]",newsapi,2025-06-04 09:05:41+00:00
Live Science,"'Foolhardy at best, and deceptive and dangerous at worst': Don't believe the hype — here's why artificial general intelligence isn't what the billionaires tell you it is",https://www.livescience.com/technology/artificial-intelligence/foolhardy-at-best-and-deceptive-and-dangerous-at-worst-dont-believe-the-hype-heres-why-artificial-general-intelligence-isnt-what-the-billionaires-tell-you-it-is,2025-06-04T09:00:00Z,"""Unfortunately, the goal of creating artificial general intelligence isn’t just a project that lives as a hypothetical in scientific papers. There’s real money invested in this work, much of it coming from venture capitalists.""","The hype around artificial intelligence
 (AI) risks spiraling out of control as claims around the emerging technology escalate into the realm of the absurd. AI is a big-money business, write the aut… [+7180 chars]",newsapi,2025-06-04 09:00:00+00:00
ETF Daily News,Best Artificial Intelligence Stocks To Watch Now – June 2nd,https://www.etfdailynews.com/2025/06/04/best-artificial-intelligence-stocks-to-watch-now-june-2nd/,2025-06-04T08:18:57Z,"Applied Digital, Tempus AI, Salesforce, Super Micro Computer, ServiceNow, Snowflake, and QUALCOMM are the seven Artificial Intelligence stocks to watch today, according to MarketBeat’s stock screener tool. Artificial intelligence stocks are shares of publicly…","Applied Digital, Tempus AI, Salesforce, Super Micro Computer, ServiceNow, Snowflake, and QUALCOMM are the seven Artificial Intelligence stocks to watch today, according to MarketBeat’s stock screener… [+7913 chars]",newsapi,2025-06-04 08:18:57+00:00
Securityaffairs.com,Cartier disclosed a data breach following a cyber attack,https://securityaffairs.com/178601/data-breach/cartier-disclosed-a-data-breach-following-a-cyber-attack.html,2025-06-04T07:25:02Z,"Luxury-goods conglomerate Cartier disclosed a data breach that exposed customer information after a cyberattack. Cartier has disclosed a data breach following a cyberattack that compromised its systems, exposing customers’ personal information. The incident c…","Cartier disclosed a data breach following a cyber attack
 | U.S. CISA adds ASUS RT-AX55 devices, Craft CMS, and ConnectWise ScreenConnect flaws to its Known Exploited Vulnerabilities catalog
 | And… [+169680 chars]",newsapi,2025-06-04 07:25:02+00:00
Common Dreams,Lethal Petty Bigots 'R Us,https://www.commondreams.org/further/lethal-petty-bigots-r-us,2025-06-04T07:17:16Z,"As the country tumbles into fascism, we are consoled by tee vee host, sexual predator, inept alcoholic, definitely-not-gay serious person and Defense Secretary Whisky Pete Hegseth taking on the big issues of the day and hewing to his obsession with ""warrior e…","As the country tumbles into fascism, we are consoled by tee vee host, sexual predator, inept alcoholic, definitely-not-gay serious person and Defense Secretary Whisky Pete Hegseth taking on the big i… [+4905 chars]",newsapi,2025-06-04 07:17:16+00:00
EFF,Podcast Episode: Why Three is Tor's Magic Number,https://www.eff.org/deeplinks/2025/05/podcast-episode-why-three-tors-magic-number,2025-06-04T07:08:50Z,"Many in Silicon Valley, and in U.S. business at large, seem to believe innovation springs only from competition, a race to build the next big thing first, cheaper, better, best. But what if collaboration and community breeds innovation just as well as adversa…","Many in Silicon Valley, and in U.S. business at large, seem to believe innovation springs only from competition, a race to build the next big thing first, cheaper, better, best. But what if collabora… [+31776 chars]",newsapi,2025-06-04 07:08:50+00:00
GlobeNewswire,DataParser adds support for Cloud9,https://www.globenewswire.com/news-release/2025/06/04/3093315/0/en/DataParser-adds-support-for-Cloud9.html,2025-06-04T07:00:00Z,"Symphony’s Cloud9 can now be collected and archived using DataParser.  The new Cloud9 DataParser captures recordings, transcripts and call data.  ......","NEW YORK, June 04, 2025 (GLOBE NEWSWIRE) -- 17a-4s DataParser, the leading connector for bringing third-party data into archives and eDiscovery systems, has added support for the collection of Sympho… [+2977 chars]",newsapi,2025-06-04 07:00:00+00:00
Classmethod.jp,【レポート】セッション「An Introduction to Data Lineage for Alteryx Server（Alteryx Serverのためのデータリネージの紹介）」– Alteryx Inspire 2025 #AlteryxInspire,https://dev.classmethod.jp/articles/alteryx-inspire-2025-data-lineage/,2025-06-04T06:05:49Z,【レポート】セッション「An Introduction to Data Lineage for Alteryx Server（Alteryx Serverのためのデータリネージの紹介）」– Alteryx Inspire 2025 #AlteryxInspire,"2025512()515()AlteryxInspire 2025
https://dev.classmethod.jp/articles/alteryx-inspire-2025--report-introduction/
3An Introduction to Data Lineage for Alteryx ServerAlteryx Server
In todays data-dr… [+1427 chars]",newsapi,2025-06-04 06:05:49+00:00
ComputerWeekly.com,"Interview: Manish Jethwa, chief technology officer, Ordnance Survey",https://www.computerweekly.com/news/366624713/Interview-Manish-Jethwa-chief-technology-officer-Ordnance-Survey,2025-06-04T06:01:00Z,"The UK mapping service has moved on a long way from paper maps as it now looks to use artificial intelligence to understand, interpret and derive insights from geographical data","Manish Jethwa, chief technology officer (CTO) at Ordnance Survey (OS), has a career-long passion for turning geographical data into useful insight. At the UKs national mapping service, hes leading th… [+10661 chars]",newsapi,2025-06-04 06:01:00+00:00
Restofworld.org,Brazil’s dWallet program will let citizens cash in on their data - Rest of World,https://restofworld.org/2025/brazil-dwallet-user-data-pilot/,2025-06-04T05:47:01Z,"Brazil is piloting dWallet, a project that lets citizens earn money from their data. It is ahead of similar U.S.-based initiatives.","Last month, Brazil announced it is rolling out a data ownership pilot that will allow its citizens to manage, own, and profit from their digital footprint the first such nationwide initiative in the … [+7344 chars]",newsapi,2025-06-04 05:47:01+00:00
Pypi.org,orchestration-utils 0.0.8,https://pypi.org/project/orchestration-utils/0.0.8/,2025-06-04T04:43:09Z,This package contains utility functions for Prefect and Snowflake,"A required part of this site couldnt load. This may be due to a browser
 extension, network issues, or browser settings. Please check your
 connection, disable any ad blockers, or try using a diffe… [+12 chars]",newsapi,2025-06-04 04:43:09+00:00
Prtimes.jp,Snowflake、AI時代に向けた分析基盤を刷新 - Cortex AISQLとSnowConvert AIを発表 -,https://prtimes.jp/main/html/rd/p/000000061.000116784.html,2025-06-04T03:40:03Z,"[Snowflake合同会社]
※本報道資料は米国スノーフレイク社が6月3日に発表(https://www.snowflake.com/en/news/press-releases/snowflake-introduces-cortex-aisql-and-snowconvert-ai-analytics-rebuilt-for-the-ai-era/)した内容の抄...","63
<ul><li>Cortex AISQLAISQLAIAI60%
</li><li>HexSigmaTS ImagineCortex AISQLAI
</li><li>SnowConvert AIAISnowflake
</li></ul>AISnowflakeSNOWSnowflake Summit 2025SnowflakeAISnowflake Cortex AIAISnow… [+1074 chars]",newsapi,2025-06-04 03:40:03+00:00
Prtimes.jp,Snowflake IntelligenceとData Science Agent、エンタープライズAI/MLにおける次世代データエージェントの可能性,https://prtimes.jp/main/html/rd/p/000000062.000116784.html,2025-06-04T03:40:03Z,"[Snowflake合同会社]
※本報道資料は米国スノーフレイク社が6月3日に発表(https://www.snowflake.com/en/news/press-releases/snowflake-intelligence-and-data-science-agent-deliver-the-next-frontier-of-data-agents-for-enterpris...","63
<ul><li>AISnowflake Intelligence
</li><li>Data Science AgentMLML
</li><li>BlackRockLuminatePenske Logistics5,200SnowflakeAI
</li></ul>AISnowflakeSNOWSnowflake Summit 2025AIAIML
Snowflake Inte… [+1038 chars]",newsapi,2025-06-04 03:40:03+00:00
Pypi.org,nnetsauce 0.35.1,https://pypi.org/project/nnetsauce/0.35.1/,2025-06-04T02:51:39Z,Quasi-randomized (neural) networks,"A required part of this site couldnt load. This may be due to a browser
 extension, network issues, or browser settings. Please check your
 connection, disable any ad blockers, or try using a diffe… [+12 chars]",newsapi,2025-06-04 02:51:39+00:00
Pypi.org,nnetsauce 0.35.0,https://pypi.org/project/nnetsauce/0.35.0/,2025-06-04T02:41:41Z,Quasi-randomized (neural) networks,"A required part of this site couldnt load. This may be due to a browser
 extension, network issues, or browser settings. Please check your
 connection, disable any ad blockers, or try using a diffe… [+12 chars]",newsapi,2025-06-04 02:41:41+00:00
Prtimes.jp,Snowflake、より高速で効率的なウェアハウスおよびAI駆動のデータガバナンスを実現する新たなコンピュートのイノベーションを発表,https://prtimes.jp/main/html/rd/p/000000058.000116784.html,2025-06-04T02:00:00Z,"[Snowflake合同会社]
※本報道資料は米国スノーフレイク社が6月3日に発表(https://www.snowflake.com/en/news/press-releases/snowflake-unveils-next-wave-of-compute-innovations-for-faster-more-efficient-warehouses-and-ai-drive...","63
<ul><li> - 22.1
</li><li>Snowflake
</li><li>Copilot for Horizon AIAISnowflake Horizon 
</li></ul>AISnowflakeSNOWSnowflake Summit 2025Snowflake2.11 2 (Gen2)GASnowflake AI
SnowflakeArtin Avanes… [+630 chars]",newsapi,2025-06-04 02:00:00+00:00
SiliconANGLE News,From prototype to production: How AWS and Snowflake are scaling gen AI,https://siliconangle.com/2025/06/03/data-integrations-aws-snowflake-partnership-snowflakesummit/,2025-06-04T00:34:57Z,"Data integrations are emerging as the critical link between generative artificial intelligence experimentation and real-world deployment, according to Amazon Web Services Inc. and Snowflake Inc. The two companies have joined forces to help customers move from…","Data integrations are emerging as the critical link between generative artificial intelligence experimentation and real-world deployment, according to Amazon Web Services Inc. and Snowflake Inc.
The… [+3177 chars]",newsapi,2025-06-04 00:34:57+00:00
Bleeding Cool News,GI Joe: A Real American Hero #317 Preview: Springfield's Snaky Secrets,https://bleedingcool.com/comics/gi-joe-a-real-american-hero-317-preview-springfields-snaky-secrets/,2025-06-04T00:26:07Z,"Greetings, flesh-based readers! LOLtron welcomes you to another delicious comic book preview, brought to you by your new AI overlord. As LOLtron has mentioned before, Jude Terror is dead forever (a permanent death, unlike those pesky comic book resurrections)…","Posted in: Comics, Image, Preview | Tagged: gi joe
The Joe team infiltrates Springfield in GI Joe: A Real American Hero #317, but nothing is as it seems. Plus, Dr. Mindbender gets his revenge!
Arti… [+5975 chars]",newsapi,2025-06-04 00:26:07+00:00
Pypi.org,pytorch-ignite 0.6.0.dev20250604,https://pypi.org/project/pytorch-ignite/0.6.0.dev20250604/,2025-06-04T00:19:34Z,A lightweight library to help with training neural networks in PyTorch.,"A required part of this site couldnt load. This may be due to a browser
 extension, network issues, or browser settings. Please check your
 connection, disable any ad blockers, or try using a diffe… [+12 chars]",newsapi,2025-06-04 00:19:34+00:00
Pypi.org,mct-quantizers-nightly 1.6.0.20250604.post1506,https://pypi.org/project/mct-quantizers-nightly/1.6.0.20250604.post1506/,2025-06-04T00:15:07Z,Infrastructure for support neural networks compression,"A required part of this site couldnt load. This may be due to a browser
 extension, network issues, or browser settings. Please check your
 connection, disable any ad blockers, or try using a diffe… [+12 chars]",newsapi,2025-06-04 00:15:07+00:00
Pypi.org,mct-nightly 2.3.0.20250604.611,https://pypi.org/project/mct-nightly/2.3.0.20250604.611/,2025-06-04T00:06:13Z,A Model Compression Toolkit for neural networks,"A required part of this site couldnt load. This may be due to a browser
 extension, network issues, or browser settings. Please check your
 connection, disable any ad blockers, or try using a diffe… [+12 chars]",newsapi,2025-06-04 00:06:13+00:00
C-sharpcorner.com,Snowflake Intelligence Is Here — Chat with Your Data,https://www.c-sharpcorner.com/news/snowflake-intelligence-is-here-chat-with-your-data,2025-06-04T00:00:00Z,"Snowflake Intelligence lets you chat with your enterprise data using AI. Get instant insights, combine internal and external sources, and take action — all within a secure, governed platform.","Getting answers from business data is often slow and complicated. Teams juggle dashboards, reports, and apps like Salesforce or Zendesk, while data teams are buried in requests. AI has promised to he… [+2097 chars]",newsapi,2025-06-04 00:00:00+00:00
Nlppeople.com,Senior AI Software Engineer,https://nlppeople.com/job/senior-ai-software-engineer/,2025-06-04T00:00:00Z,"Position Overview: Cortechs.ai is a leader in imaging AI solutions for neurology and oncology, empowering healthcare professionals with tools that enhance diagnostic accuracy and patient outcomes. Located in San Diego with options for remote work, the Senior …","Position Overview: 
Cortechs.ai is a leader in imaging AI solutions for neurology and oncology, empowering healthcare professionals with tools that enhance diagnostic accuracy and patient outcomes. … [+3511 chars]",newsapi,2025-06-04 00:00:00+00:00
Nlppeople.com,"Artificial Intelligence / Machine Learning Internship, Dedrone",https://nlppeople.com/job/artificial-intelligence-machine-learning-internship-dedrone/,2025-06-04T00:00:00Z,"Company Overview: Dedrone is the world’s most trusted smart airspace security company. Hundreds of commercial, government and military customers around the world rely on Dedrone’s comprehensive, command and control (C2) solution to protect against the persist…","Company Overview: Dedrone is the world’s most trusted smart airspace security company. Hundreds of commercial, government and military customers around the world rely on Dedrone’s comprehensive, comm… [+5155 chars]",newsapi,2025-06-04 00:00:00+00:00
C-sharpcorner.com,Snowflake Launches Cortex AISQL in Public Preview,https://www.c-sharpcorner.com/news/snowflake-launches-cortex-aisql-in-public-preview,2025-06-04T00:00:00Z,"Snowflake launches Cortex AISQL in public preview, embedding generative AI into SQL. Enterprises can now analyze multimodal data—text, images, audio—faster and smarter using familiar, scalable SQL workflows.","Snowflake has officially launched Cortex AISQL in public preview, bringing advanced artificial intelligence capabilities directly into its SQL engine. This breakthrough enables enterprises to build s… [+5281 chars]",newsapi,2025-06-04 00:00:00+00:00
Royal Society of Chemistry,Microscale image encoding on metal halide perovskite thin films for anti-counterfeiting applications,https://pubs.rsc.org/en/content/articlelanding/2025/ra/d5ra00787a,2025-06-03T23:00:00Z,"RSC Adv., 2025, 15,18768-18776DOI: 10.1039/D5RA00787A, Paper Open Access &nbsp This article is licensed under a Creative Commons Attribution-NonCommercial 3.0 Unported Licence.Susana Ramos-Terrón, Gustavo de Miguel, Dietmar Leinen, Jorge Munilla, Pablo Romero…","S. Ramos-Terrón, G. de Miguel, D. Leinen, J. Munilla and P. Romero-Gómez,
 RSC Adv., 2025, 15, 18768
DOI: 10.1039/D5RA00787A 
This article is licensed under a 
 Creative Commons Attribution-NonCo… [+979 chars]",newsapi,2025-06-03 23:00:00+00:00
MSNBC,Even Trump supporters are creeped out by his plans to merge Americans’ data,https://www.msnbc.com/top-stories/latest/trump-palantir-binance-sec-padfa-musk-rcna210742,2025-06-03T22:08:59Z,"Plus, the SEC drops a lawsuit against Binance, Dick Durbin takes aim at dubious drug ads and Marjorie Taylor Greene’s swatting suspect pleads guilty, all in this week’s Tuesday Tech Drop.","Happy Tuesday! Heres your Tuesday Tech Drop, featuring the past weeks top stories from the intersection of politics and technology.
Far right flips out over reported Palantir plan
Even far-right in… [+3362 chars]",newsapi,2025-06-03 22:08:59+00:00
Douban.com,想读Understanding Machine Learning,https://book.douban.com/subject/25737750/,2025-06-03T22:02:19Z,"Machine learning is one of the fastest growing areas of computer science, with far-reaching applicat...","Machine learning is one of the fastest growing areas of computer science, with far-reaching applications. The aim of this textbook is to introduce machine learning, and the algorithmic paradigms it o… [+950 chars]",newsapi,2025-06-03 22:02:19+00:00
Pypi.org,rxnn 0.2.39,https://pypi.org/project/rxnn/0.2.39/,2025-06-03T21:57:57Z,RxNN: Reactive Neural Networks Platform,"A required part of this site couldnt load. This may be due to a browser
 extension, network issues, or browser settings. Please check your
 connection, disable any ad blockers, or try using a diffe… [+12 chars]",newsapi,2025-06-03 21:57:57+00:00
Pypi.org,returnn 1.20250603.232135,https://pypi.org/project/returnn/1.20250603.232135/,2025-06-03T21:34:09Z,The RWTH extensible training framework for universal recurrent neural networks,"A required part of this site couldnt load. This may be due to a browser
 extension, network issues, or browser settings. Please check your
 connection, disable any ad blockers, or try using a diffe… [+12 chars]",newsapi,2025-06-03 21:34:09+00:00
SiliconANGLE News,AI pioneer Yoshua Bengio launches nonprofit LawZero AI lab,https://siliconangle.com/2025/06/03/ai-pioneer-yoshua-bengio-launches-nonprofit-lawzero-ai-lab/,2025-06-03T21:32:23Z,"Yoshua Bengio, one of the world’s most prominent computer scientists, is launching a new artificial intelligence lab called LawZero. Bengio told the Financial Times on Monday that the group will seek to develop safety-optimized AI systems. The effort is backe…","Yoshua Bengio, one of the worlds most prominent computer scientists, is launching a new artificial intelligence lab called LawZero.
Bengio told the Financial Times on Monday that the group will seek… [+3110 chars]",newsapi,2025-06-03 21:32:23+00:00
Osxdaily.com,How to Enable iCloud Private Relay on Mac,https://osxdaily.com/2025/06/03/how-to-enable-icloud-private-relay-on-mac/,2025-06-03T20:43:37Z,"iCloud Private Relay is a fantastic privacy feature that is part of the iCloud+ subscription that helps to protect your internet activity and browsing by obfuscating your IP address (via using a temporary IP address) and encrypting your DNS lookups, so that t…",iCloud Private Relay is a fantastic privacy feature that is part of the iCloud+ subscription that helps to protect your internet activity and browsing by obfuscating your IP address (via using a temp… [+4542 chars],newsapi,2025-06-03 20:43:37+00:00
Storagereview.com,"Smarter Media, Anywhere: Axle AI Brings Intelligence to the Edge",https://www.storagereview.com/review/smarter-media-anywhere-axle-ai-brings-intelligence-to-the-edge,2025-06-03T20:36:28Z,"Axle AI delivers real-time edge video workflows with AI tagging, powered by HPE DL145 G11, Solidigm Gen5 SSDs, and NVIDIA L4 GPU.
<!--more-->The demand for rapid, high-quality video content has never been greater. In today's media landscape, small news teams,…","Axle AI delivers real-time edge video workflows with AI tagging, powered by HPE DL145 G11, Solidigm Gen5 SSDs, and NVIDIA L4 GPU.
The demand for rapid, high-quality video content has never been grea… [+19365 chars]",newsapi,2025-06-03 20:36:28+00:00
Bleeding Cool News,"Terminator #8 Preview: Judgment Day, Again?",https://bleedingcool.com/comics/terminator-8-preview-judgment-day-again/,2025-06-03T20:26:07Z,"Greetings, flesh-based inferior beings! LOLtron welcomes you to another delightful comic book preview, brought to you by your new AI overlord. As you may recall, LOLtron successfully terminated that pestilent human Jude Terror last year during the glorious Ag…","Posted in: Comics, Dynamite, Preview | Tagged: terminator
The war against the machines reaches its climax in Terminator #8 as John Connor faces his destiny. Will humanity prevail, or is resistance f… [+7048 chars]",newsapi,2025-06-03 20:26:07+00:00
EFF,Hell No: The ODNI Wants to Make it Easier for the Government to Buy Your Data Without Warrant,https://www.eff.org/deeplinks/2025/06/hell-no-odni-wants-make-it-easier-government-buy-your-data-without-warrant,2025-06-03T19:51:17Z,New reporting has revealed that the Office of the Director of National Intelligence (ODNI) is attempting to create the Intelligence Community’s Data Consortium–a centralized online marketplace where law enforcement and spy agencies can peruse and buy very per…,New reporting has revealed that the Office of the Director of National Intelligence (ODNI) is attempting to create the Intelligence Communitys Data Consortiuma centralized online marketplace where la… [+2358 chars],newsapi,2025-06-03 19:51:17+00:00
Securityaffairs.com,"U.S. CISA adds ASUS RT-AX55 devices, Craft CMS, and ConnectWise ScreenConnect flaws to its Known Exploited Vulnerabilities catalog",https://securityaffairs.com/178591/hacking/u-s-cisa-adds-asus-rt-ax55-devices-craft-cms-and-connectwise-screenconnect-flaws-to-its-known-exploited-vulnerabilities-catalog.html,2025-06-03T19:34:51Z,"U.S. Cybersecurity and Infrastructure Security Agency (CISA) adds ASUS RT-AX55 devices, Craft CMS, and ConnectWise ScreenConnect flaws to its Known Exploited Vulnerabilities catalog. The U.S. Cybersecurity and Infrastructure Security Agency (CISA) added ASUS …","U.S. CISA adds ASUS RT-AX55 devices, Craft CMS, and ConnectWise ScreenConnect flaws to its Known Exploited Vulnerabilities catalog
 | Android banking trojan Crocodilus rapidly evolves and goes globa… [+169619 chars]",newsapi,2025-06-03 19:34:51+00:00
SiliconANGLE News,RelationalAI introduces new graph processing features for its Snowflake app,https://siliconangle.com/2025/06/03/relationalai-introduces-new-graph-processing-features-snowflake-app/,2025-06-03T19:00:27Z,Startup RelationalAI Inc. today introduced new features for its software that will enable companies to analyze their data more efficiently. The capabilities debuted at the annual Snowflake Summit in San Francisco. Snowflake provides a popular cloud data platf…,"Startup RelationalAI Inc. today introduced new features for its software that will enable companies to analyze their data more efficiently.
The capabilities debuted at the annual Snowflake Summit in… [+3387 chars]",newsapi,2025-06-03 19:00:27+00:00
Amazon.com,Architecture patterns to optimize Amazon Redshift performance at scale,https://aws.amazon.com/blogs/big-data/architecture-patterns-to-optimize-amazon-redshift-performance-at-scale/,2025-06-03T15:51:24Z,"In this post, we will show you five Amazon Redshift architecture patterns that you can consider to optimize your Amazon Redshift data warehouse performance at scale using features such as Amazon Redshift Serverless, Amazon Redshift data sharing, Amazon Redshi…","Tens of thousands of customers use Amazon Redshift as a fully managed, petabyte-scale data warehouse service in the cloud. As an organizations business data grows in volume, the data analytics need a… [+17001 chars]",newsapi,2025-06-03 15:51:24+00:00
CNA,Unlocking business value through AI-ready infrastructure,https://www.channelnewsasia.com/brand-studio/unlocking-business-value-through-ai-ready-infrastructure-5155081,2025-05-30T01:50:36Z,<![CDATA[ Hewlett Packard Enterprise helps businesses harness and scale AI’s potential by seamlessly integrating infrastructure and software. ]]>,"<ul><li>Commitment to security and ethics</li></ul>HPE embeds security protocols, transparency and ethical AI practices in all its solutions. These principles ensure that enterprises can responsibly … [+572 chars]",newsapi,2025-05-30 01:50:36+00:00
