,source,title,url,published_at,description,content,fetched_from,published_at_parsed,combined_text,relevance_score,summary
134,finanznachrichten.de,Dawex liefert seine Data Exchange Technologie für das Decade - X France Projekt und agiert somit für das Digital Ecosystem for Aerospace and DEfence,https://www.finanznachrichten.de/nachrichten-2025-08/66279529-dawex-liefert-seine-data-exchange-technologie-fuer-das-decade-x-france-projekt-und-agiert-somit-fuer-das-digital-ecosystem-for-aerospace-and-defence-004.htm,,finanznachrichten.de,20250827T070000Z,gdelt,,Dawex liefert seine Data Exchange Technologie für das Decade - X France Projekt und agiert somit für das Digital Ecosystem for Aerospace and DEfence. finanznachrichten.de. ,0.41039622,"Dawex provides data exchange tech for the Decade-X France project, a digital ecosystem for aerospace and defense. This validates data exchange platforms for secure, collaborative data sharing within sensitive industries. Data startups can leverage this to target industries needing secure data collaboration solutions.
"
110,pymnts.com,"Fraudsters Share Playbooks, So Why Won’t Banks Share Data?",http://www.pymnts.com/data/2025/fraudsters-share-playbooks-so-why-wont-banks-share-data/,2025-08-27T08:01:01Z,"Watch more: Entersekt Warns Banks Can’t Beat Crime With Old Data Alone In the battle against financial crime, data is both the sword and the shield. Fraudsters are faster, more sophisticated and more global than ever. Banks, payment providers and FinTech firm…","In the battle against financial crime, data is both the sword and the shield. Fraudsters are faster, more sophisticated and more global than ever. Banks, payment providers and FinTech firms must resp… [+5140 chars]",newsapi,2025-08-27 08:01:01+00:00,"Fraudsters Share Playbooks, So Why Won’t Banks Share Data?. Watch more: Entersekt Warns Banks Can’t Beat Crime With Old Data Alone In the battle against financial crime, data is both the sword and the shield. Fraudsters are faster, more sophisticated and more global than ever. Banks, payment providers and FinTech firm…. ",0.39661336,"Fraudsters globally share tactics, increasing their sophistication and speed in exploiting financial systems. Banks need improved data sharing to combat fraud effectively, as outdated data proves insufficient. Financial institutions face growing losses from fraud, necessitating proactive, collaborative defense strategies.
"
115,Forbes,AI And Open Source Redefine Enterprise Data Platforms In 2025,https://www.forbes.com/sites/moorinsights/2025/08/26/ai-and-open-source-redefine-enterprise-data-platforms-in-2025/,2025-08-26T16:55:00Z,"Enterprise data platforms increasingly unite analytics, governance and orchestration, with new generative and agentic AI-enabled features to improve autonomy and speed.","In 2025, enterprise data platforms support business operations by combining analytics, governance and orchestration in one system, increasingly with generative and agentic AI-enabled features to impr… [+14991 chars]",newsapi,2025-08-26 16:55:00+00:00,"AI And Open Source Redefine Enterprise Data Platforms In 2025. Enterprise data platforms increasingly unite analytics, governance and orchestration, with new generative and agentic AI-enabled features to improve autonomy and speed.. ",0.36115688,"Enterprise data platforms will unify analytics, governance, and orchestration through AI features by 2025. Generative AI and agentic AI features will significantly increase autonomy and accelerate data processing. Open-source technologies enhance data platform flexibility, promising a potential 30% reduction in vendor lock-in by 2025.
"
67,Yahoo Entertainment,PXGEO to deliver offshore seismic data acquisition services in Malaysia,https://consent.yahoo.com/v2/collectConsent?sessionId=1_cc-session_3dab003f-e043-41a0-9980-fdd4802a4a97,2025-08-29T14:20:14Z,,"If you click 'Accept all', we and our partners, including 237 who are part of the IAB Transparency &amp; Consent Framework, will also store and/or access information on a device (in other words, use … [+714 chars]",newsapi,2025-08-29 14:20:14+00:00,PXGEO to deliver offshore seismic data acquisition services in Malaysia. . ,0.35891575,"PXGEO secured a deal to provide offshore seismic data acquisition services in Malaysia, suggesting a growing market. This indicates potential for data startups in energy exploration, especially in Southeast Asia. Seismic data services show demand, potentially offering market entry for startups providing data analysis. The deal highlights opportunity in a specific geographic region, suggesting a focused market approach would be advantageous.
"
220,jdsupra.com,Germany : Further Judgment on Non - Material Damages for Loss of Control over Personal Data,https://www.jdsupra.com/legalnews/germany-further-judgment-on-non-1547472/,,jdsupra.com,20250829T050000Z,gdelt,,Germany : Further Judgment on Non - Material Damages for Loss of Control over Personal Data. jdsupra.com. ,0.3588996,"A German court awarded non-material damages for a GDPR violation involving lost data control. This suggests that data startups should prioritize robust data protection practices to minimize legal and financial risks. The court deemed a 100€ compensation appropriate, showing low damage amounts currently. This illustrates the need to invest in preventative measures to avoid breaches and subsequent penalties.
"
90,GlobeNewswire,"Digital Forensics Company Evaluation Report 2025 | Cellebrite, Exterro, and Magnet Forensics Lead with End-to-End Investigative Platforms and AI-Driven Evidence Analysis",https://www.globenewswire.com/news-release/2025/08/28/3140954/28124/en/Digital-Forensics-Company-Evaluation-Report-2025-Cellebrite-Exterro-and-Magnet-Forensics-Lead-with-End-to-End-Investigative-Platforms-and-AI-Driven-Evidence-Analysis.html,2025-08-28T15:08:00Z,"The Digital Forensics Companies Quadrant report offers an in-depth analysis of the global digital forensics market, spotlighting key players, technological innovations, and industry trends amid rising cybercrime. The report categorizes the top 20 companies, i…","Dublin, Aug. 28, 2025 (GLOBE NEWSWIRE) -- The ""Digital Forensics - Company Evaluation Report, 2025"" has been added to ResearchAndMarkets.com's offering.
The Digital Forensics Companies Quadrant is a… [+8676 chars]",newsapi,2025-08-28 15:08:00+00:00,"Digital Forensics Company Evaluation Report 2025 | Cellebrite, Exterro, and Magnet Forensics Lead with End-to-End Investigative Platforms and AI-Driven Evidence Analysis. The Digital Forensics Companies Quadrant report offers an in-depth analysis of the global digital forensics market, spotlighting key players, technological innovations, and industry trends amid rising cybercrime. The report categorizes the top 20 companies, i…. ",0.3488747,"The digital forensics market is growing due to rising cybercrime incidents globally, driving demand. End-to-end platforms like Cellebrite and Magnet Forensics are leading, valued for investigative tools. AI-driven evidence analysis enhances efficiency, providing a crucial advantage, estimated to increase by 20% in usability.
"
64,GlobeNewswire,Top 19 Leaders in Global Data Center Colocation Market in 2025 | Data Center Colocation Company Evaluation Report 2025,https://www.globenewswire.com/news-release/2025/08/29/3141636/28124/en/Top-19-Leaders-in-Global-Data-Center-Colocation-Market-in-2025-Data-Center-Colocation-Company-Evaluation-Report-2025.html,2025-08-29T14:45:00Z,"The Data Center Colocation Companies Quadrant offers an insightful analysis of the global colocation market, spotlighting leading players and industry trends. This report evaluates more than 100 companies, spotlighting the top 19 as quadrant leaders in the da…","Dublin, Aug. 29, 2025 (GLOBE NEWSWIRE) -- The ""Data Center Colocation - Company Evaluation Report, 2025"" has been added to ResearchAndMarkets.com's offering.
The Data Center Colocation Companies Qua… [+6206 chars]",newsapi,2025-08-29 14:45:00+00:00,"Top 19 Leaders in Global Data Center Colocation Market in 2025 | Data Center Colocation Company Evaluation Report 2025. The Data Center Colocation Companies Quadrant offers an insightful analysis of the global colocation market, spotlighting leading players and industry trends. This report evaluates more than 100 companies, spotlighting the top 19 as quadrant leaders in the da…. ",0.3485147,"The report identifies 19 companies as leaders in the global data center colocation market in 2025. It analyzes over 100 data center colocation companies, providing a comprehensive market evaluation. Colocation demand is rising due to increased cloud adoption and data security needs.
"
208,yahoo.com,Brookings and SCAG Report Exposes Failures in Native Data Collection,https://www.yahoo.com/news/articles/brookings-scag-report-exposes-failures-205622447.html,,yahoo.com,20250828T220000Z,gdelt,,Brookings and SCAG Report Exposes Failures in Native Data Collection. yahoo.com. ,0.34625697,"A Brookings-SCAG report reveals significant undercounting of Native populations, distorting data accuracy. This flawed data leads to misallocation of resources impacting crucial community services; almost 30% of Native Americans are undercounted. Using better data collection methods can improve resource allocation and accurately reflect Native communities' needs.
"
76,Lifeinsuranceinternational.com,ACORD introduces new data standardisation model,https://www.lifeinsuranceinternational.com/news/acord-data-standardisation-model/,2025-08-29T09:51:51Z,The NGDS Object Model is designed to support more secure data sharing.,"ACORD, the global standards-setting body for the insurance sector, has released a new model aimed at enhancing the standardisation and exchange of data across the industry's enterprise systems.
The … [+2486 chars]",newsapi,2025-08-29 09:51:51+00:00,ACORD introduces new data standardisation model. The NGDS Object Model is designed to support more secure data sharing.. ,0.34515372,"ACORD's NGDS Object Model promotes secure data sharing through better standardization across insurance systems. The model aims to improve data exchange, benefiting interoperability for data startups. Standardizing data could unlock new opportunities, potentially creating up to 20% efficiency gains.
"
85,pymnts.com,TransUnion Data Breach Hits 4.4 Million Customers,http://www.pymnts.com/cybersecurity/2025/transunion-data-breach-hits-4-4-million-customers/,2025-08-28T19:16:18Z,TransUnion said a third-party data breach affected more than 4.4 million customers. The credit reporting agency revealed the breach in a filing with the Maine’s attorney general’s office on Thursday (Aug. 28). The company said the breach on July 28 involved u…,TransUnion said a third-party data breach affected more than 4.4 million customers.The credit reporting agency revealed the breach in a filing with the Maines attorney generals office on Thursday (Au… [+2711 chars],newsapi,2025-08-28 19:16:18+00:00,TransUnion Data Breach Hits 4.4 Million Customers. TransUnion said a third-party data breach affected more than 4.4 million customers. The credit reporting agency revealed the breach in a filing with the Maine’s attorney general’s office on Thursday (Aug. 28). The company said the breach on July 28 involved u…. ,0.31563473,"TransUnion reported a third-party data breach impacting over 4.4 million customers, exposing sensitive information. This breach, occurring around July 28, highlights critical vulnerabilities in data security for data-reliant firms. A data startup must prioritize robust third-party risk management and security protocols to avoid similar incidents.
"
